change_id,source_id,detected_at,previous_hash,new_hash,change_type,previous_version,new_version,affected_rule_ids,review_status,reviewed_by,reviewed_at,activation_status,notes
chg_src_tw_fsc_law_portal_20260812T075707Z,src_tw_fsc_law_portal,2026-08-12T07:57:07Z,,9f8e54d05b6fd15d5b5ede470703adc52210ef07e1926c9c8bda661cbc5b99e9,BASELINE_CAPTURED,portal_live,portal_live,,INFO,,,NOT_ACTIVATED,BASELINE_CAPTURED: first successful hash stored; not a legal amendment.
chg_src_tw_annual_report_rules_fl007032_20260812T075709Z,src_tw_annual_report_rules_fl007032,2026-08-12T07:57:09Z,,0a8edf9c7180813121b50632ce1174791741396170a0b47caf1d02900dbd1908,BASELINE_CAPTURED,2025-12-19_amended,2025-12-19_amended,tw_ar_art7_2_sustainability_chapter;tw_ar_art10_1_risk_opportunity_identification;tw_ar_art10_1_materiality_definition;tw_ar_art10_1_reporting_entity_period;tw_ar_art10_1_comparative_information;tw_ar_art10_1_compliance_statement_fair_presentation;tw_ar_art10_1_connected_information;tw_ar_art10_1_governance;tw_ar_art10_1_strategy;tw_ar_art10_1_risk_management;tw_ar_art10_1_metrics_targets;tw_ar_art10_1_first_year_climate_only;tw_ar_art10_1_ghg_measurement_method;tw_ar_art10_1_scope12_assurance_hook;tw_ar_art2_excludes_bank_fhc_bills;tw_ar_not_securities_or_fcm_family;tw_securities_firm_uses_general_ar_if_public_company,INFO,,,NOT_ACTIVATED,BASELINE_CAPTURED: first successful hash stored; not a legal amendment.
chg_src_tw_order_11403851756_20260812T075711Z,src_tw_order_11403851756,2026-08-12T07:57:11Z,,2cb6ee2d17b198b53794af634c6b1f9919adce8b5532cad66537baecfb62db36,BASELINE_CAPTURED,金管證審字第11403851756號,金管證審字第11403851756號,tw_order_51756_phase1_ge_10bn;tw_order_51756_phase2_5_to_10bn;tw_order_51756_phase3_lt_5bn;tw_order_51756_early_adoption;tw_order_51756_replace_prior_climate_table;tw_order_51756_scope12_consolidated_assurance;tw_order_51756_assurance_october_mops_fallback;tw_order_51756_assurance_difference_correction;tw_order_51756_material_difference_board_reapproval;tw_order_51756_assurance_provider_qualification;tw_order_51756_scope3_from_fourth_year;tw_order_51756_net_worth_substitute_thresholds;tw_order_51756_not_covering_securities_or_fcm,INFO,,,NOT_ACTIVATED,BASELINE_CAPTURED: first successful hash stored; not a legal amendment.
chg_src_tw_order_11403851755_20260812T075712Z,src_tw_order_11403851755,2026-08-12T07:57:12Z,,d880a5f4f24555f029afa4b751b370d87cecdaf5fb2e239fede2dc36ee11b7e9,BASELINE_CAPTURED,金管證審字第11403851755號,金管證審字第11403851755號,tw_order_51755_recognised_ifrs_version_locus,INFO,,,NOT_ACTIVATED,BASELINE_CAPTURED: first successful hash stored; not a legal amendment.
chg_src_tw_sfb_ifrs_download_area_20260812T075713Z,src_tw_sfb_ifrs_download_area,2026-08-12T07:57:13Z,,44cc246d15926820c0d73cdabdc2b5991c1d84513bcf1e0385e1968364df7d3a,BASELINE_CAPTURED,portal_live,portal_live,,INFO,,,NOT_ACTIVATED,BASELINE_CAPTURED: first successful hash stored; not a legal amendment.
chg_src_tw_order_11402739247_fi_20260812T075753Z,src_tw_order_11402739247_fi,2026-08-12T07:57:53Z,,9b4d7f80b245199e34e9b2b8515eeaf47b13f9af8b2d015ae26bfe821ad757e6,BASELINE_CAPTURED,金管銀法字第11402739247號,金管銀法字第11402739247號,tw_fi_fhc_apply_fy2026;tw_fi_bank_listed_or_fhc_sub_fy2026;tw_fi_bank_nonlisted_non_fhc_sub_fy2027;tw_fi_bills_listed_or_fhc_sub_fy2026;tw_fi_scope3_from_fourth_year;tw_fi_scope12_assurance,INFO,,,NOT_ACTIVATED,BASELINE_CAPTURED: first successful hash stored; not a legal amendment.
chg_src_tw_bank_annual_report_fl006611_20260812T075756Z,src_tw_bank_annual_report_fl006611,2026-08-12T07:57:56Z,,59a838c66759c9d10c846cb31f12fde373e0d2d9ede16c96780b60ea055474e1,BASELINE_CAPTURED,2025-12_amended,2025-12_amended,tw_fi_bank_regulation_family,INFO,,,NOT_ACTIVATED,BASELINE_CAPTURED: first successful hash stored; not a legal amendment.
chg_src_tw_fhc_annual_report_fl006626_20260812T075757Z,src_tw_fhc_annual_report_fl006626,2026-08-12T07:57:57Z,,24f4104df65025b974d2e18aa335a09a962d86dc854ab27158f8e51aeeff1277,BASELINE_CAPTURED,2025-12_amended,2025-12_amended,tw_fi_fhc_regulation_family,INFO,,,NOT_ACTIVATED,BASELINE_CAPTURED: first successful hash stored; not a legal amendment.
chg_src_tw_bills_annual_report_fl006628_20260812T075758Z,src_tw_bills_annual_report_fl006628,2026-08-12T07:57:58Z,,80a088dc93323db28e1b874315bce7073f6e07832080cc627be63af8f5a75353,BASELINE_CAPTURED,2025-12_amended,2025-12_amended,tw_fi_bills_regulation_family,INFO,,,NOT_ACTIVATED,BASELINE_CAPTURED: first successful hash stored; not a legal amendment.
chg_src_tw_securities_fin_report_fl007040_20260812T075800Z,src_tw_securities_fin_report_fl007040,2026-08-12T07:58:00Z,,8a8475e18302c176eb077918bc0f7669b98f728e17f10e546334780596d07ee9,BASELINE_CAPTURED,2025-12-24_Art32-1,2025-12-24_Art32-1,tw_sf_art32_1_family,INFO,,,NOT_ACTIVATED,BASELINE_CAPTURED: first successful hash stored; not a legal amendment.
chg_src_tw_order_11403856095_securities_20260812T075801Z,src_tw_order_11403856095_securities,2026-08-12T07:58:01Z,,c3746e000a13c0720448d24d05199f98c55d5c0a1cdedd71ba8c6a4e59f94010,BASELINE_CAPTURED,金管證券字第11403856095號,金管證券字第11403856095號,tw_sf_order_56095_phase1_ge_10bn;tw_sf_order_56095_phase2_5_to_10bn;tw_sf_order_56095_phase3_lt_5bn;tw_sf_order_56095_early_adoption;tw_sf_order_56095_scope12_assurance;tw_sf_order_56095_scope3_from_fourth_year;tw_sf_order_56095_capital_basis;tw_sf_nonlisted_not_in_56095,INFO,,,NOT_ACTIVATED,BASELINE_CAPTURED: first successful hash stored; not a legal amendment.
chg_src_tw_order_11403856094_recognised_20260812T075802Z,src_tw_order_11403856094_recognised,2026-08-12T07:58:02Z,,61a32cdc4c3e527b222848f44462366e1eb1b3fd411d8aa8266e983f69d1b6a3,BASELINE_CAPTURED,金管證券字第11403856094號,金管證券字第11403856094號,tw_sf_order_56094_recognised_version,INFO,,,NOT_ACTIVATED,BASELINE_CAPTURED: first successful hash stored; not a legal amendment.
chg_src_tw_fcm_fin_report_fl021990_20260812T075804Z,src_tw_fcm_fin_report_fl021990,2026-08-12T07:58:04Z,,88a4ffaf96f315608646c2e637b0ac4ca48e30eb6a8f8ed0e773a8a95af97f0c,BASELINE_CAPTURED,2025-12-24_Art34-1,2025-12-24_Art34-1,tw_fcm_art34_1_family;tw_fcm_other_articles_fy2028_package_note,INFO,,,NOT_ACTIVATED,BASELINE_CAPTURED: first successful hash stored; not a legal amendment.
chg_src_tw_order_11403856096_fcm_20260812T075805Z,src_tw_order_11403856096_fcm,2026-08-12T07:58:05Z,,473a74c2bc6ed0b82e5e7eb9249e33afef0adfe3c161e3f42345d345f90cd7c9,BASELINE_CAPTURED,金管證券字第11403856096號,金管證券字第11403856096號,tw_fcm_order_56096_phase1_ge_10bn;tw_fcm_order_56096_phase2_5_to_10bn;tw_fcm_order_56096_phase3_lt_5bn;tw_fcm_order_56096_scope12_assurance;tw_fcm_order_56096_scope3_from_fourth_year;tw_fcm_order_56096_capital_basis,INFO,,,NOT_ACTIVATED,BASELINE_CAPTURED: first successful hash stored; not a legal amendment.
chg_src_tw_tpex_isds_portal_20260812T075807Z,src_tw_tpex_isds_portal,2026-08-12T07:58:07Z,,e3b0c44298fc1c149afbf4c8996fb92427ae41e4649b934ca495991b7852b855,BASELINE_CAPTURED,portal_or_doc,portal_or_doc,,INFO,,,NOT_ACTIVATED,BASELINE_CAPTURED: first successful hash stored; not a legal amendment.
chg_src_tw_twse_impl_plan_example_20260812T075808Z,src_tw_twse_impl_plan_example,2026-08-12T07:58:08Z,,fb99366146edb416c6bc59ffa61b612e1931cda343a4c2a243e0ccce3b33548f,BASELINE_CAPTURED,portal_or_doc,portal_or_doc,tw_twse_impl_plan_reference_example,INFO,,,NOT_ACTIVATED,BASELINE_CAPTURED: first successful hash stored; not a legal amendment.
chg_src_tw_twse_impl_plan_progress_template_20260812T075809Z,src_tw_twse_impl_plan_progress_template,2026-08-12T07:58:09Z,,50c94f583f55ffe847b6bdbaad31bd2119f5367373b539d3f5cb41d3d807f7ba,BASELINE_CAPTURED,portal_or_doc,portal_or_doc,tw_twse_impl_plan_quarterly_board_and_15day_filing,INFO,,,NOT_ACTIVATED,BASELINE_CAPTURED: first successful hash stored; not a legal amendment.
chg_src_tw_sfb_press_20251028_20260812T075811Z,src_tw_sfb_press_20251028,2026-08-12T07:58:11Z,,d7965ca59c162322dc8989e2af1d93832ebee99bbc1d3b07b384a0b36180fcc5,BASELINE_CAPTURED,portal_or_doc,portal_or_doc,tw_ifrs_phase1_capital_10bn_news_legacy;tw_scope3_transition_first_three_years_news_legacy,INFO,,,NOT_ACTIVATED,BASELINE_CAPTURED: first successful hash stored; not a legal amendment.
chg_src_tw_fsc_roadmap_press_20230817_20260812T075812Z,src_tw_fsc_roadmap_press_20230817,2026-08-12T07:58:12Z,,e31a2b3e2c32d5463ad36c789bd374a41572ca108036e968c163db5a30b39fbf,BASELINE_CAPTURED,portal_or_doc,portal_or_doc,,INFO,,,NOT_ACTIVATED,BASELINE_CAPTURED: first successful hash stored; not a legal amendment.
chg_src_tw_tpex_qa_20250402_20260812T075814Z,src_tw_tpex_qa_20250402,2026-08-12T07:58:14Z,,e0489a5a24cdc4fc923fe5443f9af63bebff05ba44a1f77df9896c4dcd1361a6,BASELINE_CAPTURED,portal_or_doc,portal_or_doc,,INFO,,,NOT_ACTIVATED,BASELINE_CAPTURED: first successful hash stored; not a legal amendment.
chg_src_tw_fsc_portal_20260812T075816Z,src_tw_fsc_portal,2026-08-12T07:58:16Z,,9b0e1c5979d0e019556ae34abad907d0f2e1ca74020243d155f7dabe7ccdc238,BASELINE_CAPTURED,portal_or_doc,portal_or_doc,,INFO,,,NOT_ACTIVATED,BASELINE_CAPTURED: first successful hash stored; not a legal amendment.
chg_src_tw_sfb_portal_20260812T075818Z,src_tw_sfb_portal,2026-08-12T07:58:18Z,,fe1c8dd6c304eee2e5f0bb80c492edc32d14d52428d0316ac70ab9ab8d3b81df,BASELINE_CAPTURED,portal_or_doc,portal_or_doc,,INFO,,,NOT_ACTIVATED,BASELINE_CAPTURED: first successful hash stored; not a legal amendment.
chg_src_tw_twse_portal_20260812T075819Z,src_tw_twse_portal,2026-08-12T07:58:19Z,,7148a20e5ac6d873dae9c68a46d735eee20f50d8707e6ac7ae1d3e0d3fca0de9,BASELINE_CAPTURED,portal_or_doc,portal_or_doc,,INFO,,,NOT_ACTIVATED,BASELINE_CAPTURED: first successful hash stored; not a legal amendment.
chg_src_tw_tpex_portal_20260812T075820Z,src_tw_tpex_portal,2026-08-12T07:58:20Z,,d60bd16b4e83c8695e04f7ae470465d529b3d682f100bcc0f6b2214c3ff15fb9,BASELINE_CAPTURED,portal_or_doc,portal_or_doc,,INFO,,,NOT_ACTIVATED,BASELINE_CAPTURED: first successful hash stored; not a legal amendment.
chg_src_tw_moenv_ghg_registry_20260812T075822Z,src_tw_moenv_ghg_registry,2026-08-12T07:58:22Z,,bc570327ebb8311b77f97f0064e3e0f1e046981452e0ff34cdc0f8463bfc5ac5,BASELINE_CAPTURED,portal_or_doc,portal_or_doc,,INFO,,,NOT_ACTIVATED,BASELINE_CAPTURED: first successful hash stored; not a legal amendment.
chg_src_tw_moenv_oaout_20260812T075823Z,src_tw_moenv_oaout,2026-08-12T07:58:23Z,,74a50e75e376fcab4abed3f25e0e4fd9778f922fe9cecbb1e1f3d25739538748,BASELINE_CAPTURED,portal_or_doc,portal_or_doc,,INFO,,,NOT_ACTIVATED,BASELINE_CAPTURED: first successful hash stored; not a legal amendment.
chg_src_issb_ifrs_s1_2023_20260812T075825Z,src_issb_ifrs_s1_2023,2026-08-12T07:58:25Z,,57288b3577315ff867c63a39b67fc0841d0f711e2dcd8b13ce43b392717867ee,BASELINE_CAPTURED,2023-06,2023-06,ifrs_s1_objective;ifrs_s1_scope;ifrs_s1_conceptual_foundations;ifrs_s1_reporting_entity;ifrs_s1_materiality;ifrs_s1_fair_presentation;ifrs_s1_connected_information;ifrs_s1_timing;ifrs_s1_comparative;ifrs_s1_compliance_statement;ifrs_s1_judgements;ifrs_s1_measurement_uncertainty;ifrs_s1_errors;ifrs_s1_commercial_sensitivity;ifrs_s1_transition,INFO,,,NOT_ACTIVATED,BASELINE_CAPTURED: first successful hash stored; not a legal amendment.
chg_src_issb_ifrs_s2_2023_20260812T075827Z,src_issb_ifrs_s2_2023,2026-08-12T07:58:27Z,,e42af1b20129bd0037cd6dbc6b902c1b89a1be43f58c9356763a141ab06c61ef,BASELINE_CAPTURED,2023-06,2023-06,ifrs_s2_objective;ifrs_s2_physical_risks;ifrs_s2_transition_risks;ifrs_s2_opportunities;ifrs_s2_scope1;ifrs_s2_scope2;ifrs_s2_scope3;ifrs_s2_business_model_value_chain;ifrs_s2_strategy_decision_making;ifrs_s2_transition_plan;ifrs_s2_current_financial_effects;ifrs_s2_anticipated_financial_effects;ifrs_s2_climate_resilience;ifrs_s2_scenario_analysis;ifrs_s2_cross_industry_metrics;ifrs_s2_industry_metrics;ifrs_s2_climate_targets;ifrs_s2_capital_deployment;ifrs_s2_internal_carbon_price;ifrs_s2_executive_remuneration;ifrs_s2_transition_provisions,INFO,,,NOT_ACTIVATED,BASELINE_CAPTURED: first successful hash stored; not a legal amendment.
chg_src_issb_ifrs_s2_ghg_amendments_2025_20260812T075829Z,src_issb_ifrs_s2_ghg_amendments_2025,2026-08-12T07:58:29Z,,1c07acba30acd0e9b6dd4163dab04ba4a900250d839a6745974c7aeac5547d74,BASELINE_CAPTURED,2025-12,2025-12,ifrs_s2_ghg_amendments_2025_international,INFO,,,NOT_ACTIVATED,BASELINE_CAPTURED: first successful hash stored; not a legal amendment.
chg_src_issb_s1_s2_mapping_education_20260812T075831Z,src_issb_s1_s2_mapping_education,2026-08-12T07:58:31Z,,df53010c835fadfb140125557a31e824548036d2572c124768e2238927fad244,BASELINE_CAPTURED,education_mapping,education_mapping,ifrs_s1_governance;ifrs_s1_strategy;ifrs_s1_risk_management;ifrs_s1_metrics_targets;ifrs_s2_governance;ifrs_s2_strategy;ifrs_s2_risk_management;ifrs_s2_metrics_targets,INFO,,,NOT_ACTIVATED,BASELINE_CAPTURED: first successful hash stored; not a legal amendment.
chg_src_issb_knowledge_hub_20260812T075834Z,src_issb_knowledge_hub,2026-08-12T07:58:34Z,,363958a72b63dbf5832437dffc520207dd873b77d68dccef27a447966a2c1a4a,BASELINE_CAPTURED,portal_live,portal_live,,INFO,,,NOT_ACTIVATED,BASELINE_CAPTURED: first successful hash stored; not a legal amendment.
chg_src_issb_sasb_hub_20260812T075836Z,src_issb_sasb_hub,2026-08-12T07:58:36Z,,a58dc124dcbb8f6409bda47402bd84778544bfdd11611f645057481303523576,BASELINE_CAPTURED,portal_live,portal_live,,INFO,,,NOT_ACTIVATED,BASELINE_CAPTURED: first successful hash stored; not a legal amendment.
chg_src_ifrs_org_portal_20260812T075838Z,src_ifrs_org_portal,2026-08-12T07:58:38Z,,1c847a90807d78416c5ea7e195e3192dc971b70ae2a09ee8624c17381e6b09f9,BASELINE_CAPTURED,portal_live,portal_live,,INFO,,,NOT_ACTIVATED,BASELINE_CAPTURED: first successful hash stored; not a legal amendment.
chg_src_tw_twse_portal_20260812T095850Z,src_tw_twse_portal,2026-08-12T09:58:50Z,,dca8a2bdc9b4cfd9c049dc3f48692cff0bff1b010d6a48383b2ec1821d1f289f,BASELINE_CAPTURED,portal_or_doc,portal_or_doc,,INFO,,,NOT_ACTIVATED,BASELINE_CAPTURED: first successful hash stored; not a legal amendment.
chg_src_tw_tpex_portal_20260812T095852Z,src_tw_tpex_portal,2026-08-12T09:58:52Z,,121721d463f53715750768ec82cb6e4d09abca5ebb47665fe655de83a7981796,BASELINE_CAPTURED,portal_or_doc,portal_or_doc,,INFO,,,NOT_ACTIVATED,BASELINE_CAPTURED: first successful hash stored; not a legal amendment.
chg_src_tw_moenv_ghg_registry_20260812T095853Z,src_tw_moenv_ghg_registry,2026-08-12T09:58:53Z,,,SOURCE_UNAVAILABLE,portal_or_doc,portal_or_doc,,INFO,,,NOT_ACTIVATED,Fetch failed; last_successful_fetch_at unchanged. Error: HTTP Error 404: Not Found
chg_src_tw_twse_portal_20260812T151951Z,src_tw_twse_portal,2026-08-12T15:19:51Z,,dca8a2bdc9b4cfd9c049dc3f48692cff0bff1b010d6a48383b2ec1821d1f289f,BASELINE_CAPTURED,portal_or_doc,portal_or_doc,,INFO,,,NOT_ACTIVATED,BASELINE_CAPTURED: first successful hash stored; not a legal amendment.
chg_src_tw_tpex_portal_20260812T151952Z,src_tw_tpex_portal,2026-08-12T15:19:52Z,,121721d463f53715750768ec82cb6e4d09abca5ebb47665fe655de83a7981796,BASELINE_CAPTURED,portal_or_doc,portal_or_doc,,INFO,,,NOT_ACTIVATED,BASELINE_CAPTURED: first successful hash stored; not a legal amendment.
chg_src_tw_moenv_ghg_open_data_20260812T151953Z,src_tw_moenv_ghg_open_data,2026-08-12T15:19:53Z,,,CREDENTIAL_REQUIRED,GHG_P_01,GHG_P_01,,INFO,,,NOT_ACTIVATED,CREDENTIAL_REQUIRED before HTTP — not SOURCE_UNAVAILABLE and not a critical legal failure. Set MOENV_API_KEY via environment/secrets.
chg_src_tw_twse_portal_20260904T185908Z,src_tw_twse_portal,2026-09-04T18:59:08Z,dca8a2bdc9b4cfd9c049dc3f48692cff0bff1b010d6a48383b2ec1821d1f289f,aa277098cc8ece6f495657421fc2ae140d0bce6f7acc133e87d91ac2ad970e0f,POTENTIAL_REGULATORY_CHANGE,portal_or_doc,portal_or_doc,,PENDING_REVIEW,,,NOT_ACTIVATED,Detected change recorded; legal rules are NOT auto-activated.
