rule_id,jurisdiction,framework,authority,source_id,official_document,citation,paragraph,content_area,requirement_type,requirement_title,requirement_summary,entity_type,applicability_condition,applicability_condition_machine,required_action,required_data,required_evidence,reporting_period_rule,deadline_rule,assurance_requirement,transition_relief,concept_layer,international_standard_version,taiwan_recognised_version,international_effective_date,taiwan_recognition_date,taiwan_status,publication_date,source_version,rule_effective_from,rule_effective_to,rule_status,supersedes_rule_id,superseded_by_rule_id,last_verified_at,product_support_status,verification_status,version,notes
tw_ar_art7_2_sustainability_chapter,TW,TW_IFRS_S1_S2,FSC,src_tw_annual_report_rules_fl007032,公開發行公司年報應行記載事項準則,第7條第2項,Art.7(2),Annual report,disclosure_location,Sustainability chapter for general listed/OTC companies,Companies meeting FSC-prescribed conditions must include a board-approved sustainability-related financial information chapter.,general_listed_company|general_otc_company,General listed/OTC under FL007032,"entity_type in {general_listed_company,general_otc_company} AND art7_2_condition_met=true",Prepare board-approved sustainability chapter,board approval,annual report chapter,,,,,TAIWAN_ADOPTION,,,,,N/A,2025-11-07,FL007032_2025-12,2026-01-01,,FUTURE,,,2026-08-12,IN_V1_SCOPE,VERIFIED_AUTHORITATIVE,3A.2,
tw_ar_art10_1_risk_opportunity_identification,TW,TW_IFRS_S1_S2,FSC,src_tw_annual_report_rules_fl007032,公開發行公司年報應行記載事項準則,第10條之1第1款,Art.10-1(1),Strategy,statutory_requirement,風險與機會及重大資訊,FL007032 Art.10-1(1): 風險與機會及重大資訊.,general_listed_company|general_otc_company,General companies with Art.7(2) chapter,"entity_type in {general_listed_company,general_otc_company} AND tw_ar_sustainability_chapter_required=true",Comply with Art.10-1 item,as specified,annual report disclosures,,,,,TAIWAN_ADOPTION,,,,,N/A,2025-11-07,FL007032_2025-12,2026-01-01,,FUTURE,,,2026-08-12,IN_V1_SCOPE,VERIFIED_AUTHORITATIVE,3A.2,
tw_ar_art10_1_materiality_definition,TW,TW_IFRS_S1_S2,FSC,src_tw_annual_report_rules_fl007032,公開發行公司年報應行記載事項準則,第10條之1第1款,Art.10-1(1),Materiality,statutory_requirement,重大資訊定義,FL007032 Art.10-1(1): 重大資訊定義.,general_listed_company|general_otc_company,General companies with Art.7(2) chapter,"entity_type in {general_listed_company,general_otc_company} AND tw_ar_sustainability_chapter_required=true",Comply with Art.10-1 item,as specified,annual report disclosures,,,,,TAIWAN_ADOPTION,,,,,N/A,2025-11-07,FL007032_2025-12,2026-01-01,,FUTURE,,,2026-08-12,IN_V1_SCOPE,VERIFIED_AUTHORITATIVE,3A.2,
tw_ar_art10_1_reporting_entity_period,TW,TW_IFRS_S1_S2,FSC,src_tw_annual_report_rules_fl007032,公開發行公司年報應行記載事項準則,第10條之1第2款,Art.10-1(2),Reporting entity,statutory_requirement,報導個體與期間,FL007032 Art.10-1(2): 報導個體與期間.,general_listed_company|general_otc_company,General companies with Art.7(2) chapter,"entity_type in {general_listed_company,general_otc_company} AND tw_ar_sustainability_chapter_required=true",Comply with Art.10-1 item,as specified,annual report disclosures,,,,,TAIWAN_ADOPTION,,,,,N/A,2025-11-07,FL007032_2025-12,2026-01-01,,FUTURE,,,2026-08-12,IN_V1_SCOPE,VERIFIED_AUTHORITATIVE,3A.2,
tw_ar_art10_1_comparative_information,TW,TW_IFRS_S1_S2,FSC,src_tw_annual_report_rules_fl007032,公開發行公司年報應行記載事項準則,第10條之1第2款,Art.10-1(2),Comparative information,statutory_requirement,比較資訊,FL007032 Art.10-1(2): 比較資訊.,general_listed_company|general_otc_company,General companies with Art.7(2) chapter,"entity_type in {general_listed_company,general_otc_company} AND tw_ar_sustainability_chapter_required=true",Comply with Art.10-1 item,as specified,annual report disclosures,,,,,TAIWAN_ADOPTION,,,,,N/A,2025-11-07,FL007032_2025-12,2026-01-01,,FUTURE,,,2026-08-12,IN_V1_SCOPE,VERIFIED_AUTHORITATIVE,3A.2,
tw_ar_art10_1_compliance_statement_fair_presentation,TW,TW_IFRS_S1_S2,FSC,src_tw_annual_report_rules_fl007032,公開發行公司年報應行記載事項準則,第10條之1第3款,Art.10-1(3),Statement of compliance,statutory_requirement,認可準則聲明與允當表達,FL007032 Art.10-1(3): 認可準則聲明與允當表達.,general_listed_company|general_otc_company,General companies with Art.7(2) chapter,"entity_type in {general_listed_company,general_otc_company} AND tw_ar_sustainability_chapter_required=true",Comply with Art.10-1 item,as specified,annual report disclosures,,,,,TAIWAN_ADOPTION,,,,,N/A,2025-11-07,FL007032_2025-12,2026-01-01,,FUTURE,,,2026-08-12,IN_V1_SCOPE,VERIFIED_AUTHORITATIVE,3A.2,
tw_ar_art10_1_connected_information,TW,TW_IFRS_S1_S2,FSC,src_tw_annual_report_rules_fl007032,公開發行公司年報應行記載事項準則,第10條之1第4款,Art.10-1(4),Connected information,statutory_requirement,連結資訊,FL007032 Art.10-1(4): 連結資訊.,general_listed_company|general_otc_company,General companies with Art.7(2) chapter,"entity_type in {general_listed_company,general_otc_company} AND tw_ar_sustainability_chapter_required=true",Comply with Art.10-1 item,as specified,annual report disclosures,,,,,TAIWAN_ADOPTION,,,,,N/A,2025-11-07,FL007032_2025-12,2026-01-01,,FUTURE,,,2026-08-12,IN_V1_SCOPE,VERIFIED_AUTHORITATIVE,3A.2,
tw_ar_art10_1_governance,TW,TW_IFRS_S1_S2,FSC,src_tw_annual_report_rules_fl007032,公開發行公司年報應行記載事項準則,第10條之1第5款,Art.10-1(5),Governance,statutory_requirement,治理,FL007032 Art.10-1(5): 治理.,general_listed_company|general_otc_company,General companies with Art.7(2) chapter,"entity_type in {general_listed_company,general_otc_company} AND tw_ar_sustainability_chapter_required=true",Comply with Art.10-1 item,as specified,annual report disclosures,,,,,TAIWAN_ADOPTION,,,,,N/A,2025-11-07,FL007032_2025-12,2026-01-01,,FUTURE,,,2026-08-12,IN_V1_SCOPE,VERIFIED_AUTHORITATIVE,3A.2,
tw_ar_art10_1_strategy,TW,TW_IFRS_S1_S2,FSC,src_tw_annual_report_rules_fl007032,公開發行公司年報應行記載事項準則,第10條之1第5款,Art.10-1(5),Strategy,statutory_requirement,策略,FL007032 Art.10-1(5): 策略.,general_listed_company|general_otc_company,General companies with Art.7(2) chapter,"entity_type in {general_listed_company,general_otc_company} AND tw_ar_sustainability_chapter_required=true",Comply with Art.10-1 item,as specified,annual report disclosures,,,,,TAIWAN_ADOPTION,,,,,N/A,2025-11-07,FL007032_2025-12,2026-01-01,,FUTURE,,,2026-08-12,IN_V1_SCOPE,VERIFIED_AUTHORITATIVE,3A.2,
tw_ar_art10_1_risk_management,TW,TW_IFRS_S1_S2,FSC,src_tw_annual_report_rules_fl007032,公開發行公司年報應行記載事項準則,第10條之1第5款,Art.10-1(5),Risk Management,statutory_requirement,風險管理,FL007032 Art.10-1(5): 風險管理.,general_listed_company|general_otc_company,General companies with Art.7(2) chapter,"entity_type in {general_listed_company,general_otc_company} AND tw_ar_sustainability_chapter_required=true",Comply with Art.10-1 item,as specified,annual report disclosures,,,,,TAIWAN_ADOPTION,,,,,N/A,2025-11-07,FL007032_2025-12,2026-01-01,,FUTURE,,,2026-08-12,IN_V1_SCOPE,VERIFIED_AUTHORITATIVE,3A.2,
tw_ar_art10_1_metrics_targets,TW,TW_IFRS_S1_S2,FSC,src_tw_annual_report_rules_fl007032,公開發行公司年報應行記載事項準則,第10條之1第5款,Art.10-1(5),Metrics & Targets,statutory_requirement,指標與目標,FL007032 Art.10-1(5): 指標與目標.,general_listed_company|general_otc_company,General companies with Art.7(2) chapter,"entity_type in {general_listed_company,general_otc_company} AND tw_ar_sustainability_chapter_required=true",Comply with Art.10-1 item,as specified,annual report disclosures,,,,,TAIWAN_ADOPTION,,,,,N/A,2025-11-07,FL007032_2025-12,2026-01-01,,FUTURE,,,2026-08-12,IN_V1_SCOPE,VERIFIED_AUTHORITATIVE,3A.2,
tw_ar_art10_1_first_year_climate_only,TW,TW_IFRS_S1_S2,FSC,src_tw_annual_report_rules_fl007032,公開發行公司年報應行記載事項準則,第10條之1第6款,Art.10-1(6),Transition,statutory_requirement,首年得僅揭露氣候,FL007032 Art.10-1(6): 首年得僅揭露氣候.,general_listed_company|general_otc_company,General companies with Art.7(2) chapter,"entity_type in {general_listed_company,general_otc_company} AND tw_ar_sustainability_chapter_required=true",Comply with Art.10-1 item,as specified,annual report disclosures,,,,first_year_climate_only,TAIWAN_ADOPTION,,,,,N/A,2025-11-07,FL007032_2025-12,2026-01-01,,FUTURE,,,2026-08-12,IN_V1_SCOPE,VERIFIED_AUTHORITATIVE,3A.2,
tw_ar_art10_1_ghg_measurement_method,TW,TW_IFRS_S1_S2,FSC,src_tw_annual_report_rules_fl007032,公開發行公司年報應行記載事項準則,第10條之1第7款,Art.10-1(7),GHG emissions,statutory_requirement,GHG 衡量方法,FL007032 Art.10-1(7): GHG 衡量方法.,general_listed_company|general_otc_company,General companies with Art.7(2) chapter,"entity_type in {general_listed_company,general_otc_company} AND tw_ar_sustainability_chapter_required=true",Comply with Art.10-1 item,as specified,annual report disclosures,,,,,TAIWAN_ADOPTION,,,,,N/A,2025-11-07,FL007032_2025-12,2026-01-01,,FUTURE,,,2026-08-12,IN_V1_SCOPE,VERIFIED_AUTHORITATIVE,3A.2,
tw_ar_art10_1_scope12_assurance_hook,TW,TW_IFRS_S1_S2,FSC,src_tw_annual_report_rules_fl007032,公開發行公司年報應行記載事項準則,第10條之1第8款,Art.10-1(8),Assurance / GHG,statutory_requirement,範疇一／二確信及範疇三時程,FL007032 Art.10-1(8): 範疇一／二確信及範疇三時程.,general_listed_company|general_otc_company,General companies with Art.7(2) chapter,"entity_type in {general_listed_company,general_otc_company} AND tw_ar_sustainability_chapter_required=true",Comply with Art.10-1 item,as specified,annual report disclosures,,,,,TAIWAN_ADOPTION,,,,,N/A,2025-11-07,FL007032_2025-12,2026-01-01,,FUTURE,,,2026-08-12,IN_V1_SCOPE,VERIFIED_AUTHORITATIVE,3A.2,
tw_ar_art2_excludes_bank_fhc_bills,TW,TW_IFRS_S1_S2,FSC,src_tw_annual_report_rules_fl007032,公開發行公司年報應行記載事項準則,第2條,Art.2,Applicability,entity_family_boundary,Banks/FHCs/bills use special annual-report rules,"Banks, bills finance companies and FHCs are carved out of the general public-company annual-report rules for covered matters.",other,Bank / bills / FHC,"entity_type in {bank,bills_finance_company,financial_holding_company} => use_fi_rule_family=true",Select FI-specific family,entity_type,license type,,,,,TAIWAN_ADOPTION,,,,,N/A,2025-11-07,FL007032,2025-11-07,,ACTIVE,,,2026-08-12,IN_V1_SCOPE,VERIFIED_AUTHORITATIVE,3A.2,
tw_ar_not_securities_or_fcm_family,TW,TW_IFRS_S1_S2,FSC,src_tw_annual_report_rules_fl007032,公開發行公司年報應行記載事項準則,體系邊界說明,,Applicability,entity_family_boundary,Securities firms and FCMs are not under FL007032 family,Securities firms use FL007040 Art.32-1 + Orders 11403856095/56094; FCMs use FL021990 Art.34-1 + Orders 11403856096/56094.,other,securities_firm or futures_commission_merchant,"entity_type in {securities_firm,futures_commission_merchant} => use_dedicated_family=true",Select dedicated family,entity_type,license type,,,,,TAIWAN_ADOPTION,,,,,N/A,2025-12-26,3A.2_boundary,2025-12-26,,ACTIVE,,,2026-08-12,IN_V1_SCOPE,VERIFIED_AUTHORITATIVE,3A.2,PREVIOUS STATUS: securities mapped to FL007032. NEW STATUS: dedicated families. SOURCE THAT RESOLVED IT: FL007040/FL021990 + 56094/56095/56096. DATE VERIFIED: 2026-08-12.
tw_order_51756_phase1_ge_10bn,TW,TW_IFRS_S1_S2,FSC,src_tw_order_11403851756,金管證審字第11403851756號令,令第二(一)點,二(一),Applicability,phased_applicability,Phase I >= NT$10bn: FY2026 / file 2027,Phase I >= NT$10bn: FY2026 / file 2027.,general_listed_company|general_otc_company,General listed/OTC capital band,"entity_type in {general_listed_company,general_otc_company} AND paid_in_capital_twd >= 10000000000",Apply/file per schedule,capital/net worth,filed AR,,,,,TAIWAN_ADOPTION,,,,,N/A,2025-11-12,11403851756,2026-01-01,,FUTURE,,,2026-08-12,IN_V1_SCOPE,VERIFIED_AUTHORITATIVE,3A.2,
tw_order_51756_phase2_5_to_10bn,TW,TW_IFRS_S1_S2,FSC,src_tw_order_11403851756,金管證審字第11403851756號令,令第二(二)點,二(二),Applicability,phased_applicability,Phase II >= NT$5bn < NT$10bn: FY2027 / file 2028,Phase II >= NT$5bn < NT$10bn: FY2027 / file 2028.,general_listed_company|general_otc_company,General listed/OTC capital band,"entity_type in {general_listed_company,general_otc_company} AND 5000000000 <= paid_in_capital_twd < 10000000000",Apply/file per schedule,capital/net worth,filed AR,,,,,TAIWAN_ADOPTION,,,,,N/A,2025-11-12,11403851756,2027-01-01,,FUTURE,,,2026-08-12,IN_V1_SCOPE,VERIFIED_AUTHORITATIVE,3A.2,
tw_order_51756_phase3_lt_5bn,TW,TW_IFRS_S1_S2,FSC,src_tw_order_11403851756,金管證審字第11403851756號令,令第二(三)點,二(三),Applicability,phased_applicability,Phase III < NT$5bn: FY2028 / file 2029,Phase III < NT$5bn: FY2028 / file 2029.,general_listed_company|general_otc_company,General listed/OTC capital band,"entity_type in {general_listed_company,general_otc_company} AND paid_in_capital_twd < 5000000000",Apply/file per schedule,capital/net worth,filed AR,,,,,TAIWAN_ADOPTION,,,,,N/A,2025-11-12,11403851756,2028-01-01,,FUTURE,,,2026-08-12,IN_V1_SCOPE,VERIFIED_AUTHORITATIVE,3A.2,
tw_order_51756_early_adoption,TW,TW_IFRS_S1_S2,FSC,src_tw_order_11403851756,金管證審字第11403851756號令,令第3點,3,Applicability,early_adoption,Early adoption permitted,Early adoption permitted.,general_listed_company|general_otc_company,Early adoption permitted,early_adopt=true,Early adoption permitted,as applicable,filings,,,,,TAIWAN_ADOPTION,,,,,N/A,2025-11-12,11403851756,2025-11-12,,ACTIVE,,,2026-08-12,IN_V1_SCOPE,VERIFIED_AUTHORITATIVE,3A.2,
tw_order_51756_replace_prior_climate_table,TW,TW_IFRS_S1_S2,FSC,src_tw_order_11403851756,金管證審字第11403851756號令,令第4點,4,Transition,supersession,Prior climate table replaced after adoption,Prior climate table replaced after adoption.,general_listed_company|general_otc_company,Prior climate table replaced after adoption,tw_ifrs_sustainability_applied=true,Prior climate table replaced after adoption,as applicable,filings,,,,,TAIWAN_ADOPTION,,,,,N/A,2025-11-12,11403851756,2026-01-01,,FUTURE,,,2026-08-12,IN_V1_SCOPE,VERIFIED_AUTHORITATIVE,3A.2,
tw_order_51756_scope12_consolidated_assurance,TW,TW_IFRS_S1_S2,FSC,src_tw_order_11403851756,金管證審字第11403851756號令,令第4點,4,Assurance / GHG,assurance,Consolidated Scope 1/2 independent assurance,Consolidated Scope 1/2 independent assurance.,general_listed_company|general_otc_company,Consolidated Scope 1/2 independent assurance,tw_ifrs_sustainability_applied=true,Consolidated Scope 1/2 independent assurance,as applicable,filings,,,independent_third_party_assurance_scope1_scope2_consolidated,,TAIWAN_ADOPTION,,,,,N/A,2025-11-12,11403851756,2026-01-01,,FUTURE,,,2026-08-12,IN_V1_SCOPE,VERIFIED_AUTHORITATIVE,3A.2,
tw_order_51756_assurance_october_mops_fallback,TW,TW_IFRS_S1_S2,FSC,src_tw_order_11403851756,金管證審字第11403851756號令,令第4點,4,Assurance / Filing,deadline,October MOPS fallback if assurance late,October MOPS fallback if assurance late.,general_listed_company|general_otc_company,October MOPS fallback if assurance late,assurance_ready_at_ar_filing=false,October MOPS fallback if assurance late,as applicable,filings,,same_year_october_31_mops,,,TAIWAN_ADOPTION,,,,,N/A,2025-11-12,11403851756,2026-01-01,,FUTURE,,,2026-08-12,IN_V1_SCOPE,VERIFIED_AUTHORITATIVE,3A.2,
tw_order_51756_assurance_difference_correction,TW,TW_IFRS_S1_S2,FSC,src_tw_order_11403851756,金管證審字第11403851756號令,令第4點,4,Assurance / Correction,correction,Correct filings when assured figures differ,Correct filings when assured figures differ.,general_listed_company|general_otc_company,Correct filings when assured figures differ,assured_ghg != ar_ghg,Correct filings when assured figures differ,as applicable,filings,,,,,TAIWAN_ADOPTION,,,,,N/A,2025-11-12,11403851756,2026-01-01,,FUTURE,,,2026-08-12,IN_V1_SCOPE,VERIFIED_AUTHORITATIVE,3A.2,
tw_order_51756_material_difference_board_reapproval,TW,TW_IFRS_S1_S2,FSC,src_tw_order_11403851756,金管證審字第11403851756號令,令第4點,4,Governance / Assurance,board_approval,Material differences require board re-approval,Material differences require board re-approval.,general_listed_company|general_otc_company,Material differences require board re-approval,ghg_difference_material=true,Material differences require board re-approval,as applicable,filings,,,,,TAIWAN_ADOPTION,,,,,N/A,2025-11-12,11403851756,2026-01-01,,FUTURE,,,2026-08-12,IN_V1_SCOPE,VERIFIED_AUTHORITATIVE,3A.2,
tw_order_51756_assurance_provider_qualification,TW,TW_IFRS_S1_S2,FSC,src_tw_order_11403851756,金管證審字第11403851756號令,令第5點,5,Assurance,assurance_provider,Assurance providers must meet TWSE/TPEx rules,Assurance providers must meet TWSE/TPEx rules.,general_listed_company|general_otc_company,Assurance providers must meet TWSE/TPEx rules,engages_ghg_assurance=true,Assurance providers must meet TWSE/TPEx rules,as applicable,filings,,,,,TAIWAN_ADOPTION,,,,,N/A,2025-11-12,11403851756,2026-01-01,,FUTURE,,,2026-08-12,IN_V1_SCOPE,VERIFIED_AUTHORITATIVE,3A.2,
tw_order_51756_scope3_from_fourth_year,TW,TW_IFRS_S1_S2,FSC,src_tw_order_11403851756,金管證審字第11403851756號令,令第6點,6,GHG transition,transition_relief,Scope 3 from fourth FY after first application,Scope 3 from fourth FY after first application.,general_listed_company|general_otc_company,Scope 3 from fourth FY after first application,years_since_first_tw_ifrs_application >= 4,Scope 3 from fourth FY after first application,as applicable,filings,,,,scope3_starts_fourth_financial_year_after_first_application,TAIWAN_ADOPTION,,,,,N/A,2025-11-12,11403851756,2026-01-01,,FUTURE,,,2026-08-12,IN_V1_SCOPE,VERIFIED_AUTHORITATIVE,3A.2,
tw_order_51756_net_worth_substitute_thresholds,TW,TW_IFRS_S1_S2,FSC,src_tw_order_11403851756,金管證審字第11403851756號令,令第7點,7,Applicability,threshold_substitute,Net-worth substitutes for no-par / non-NT$10,Net-worth substitutes for no-par / non-NT$10.,general_listed_company|general_otc_company,Net-worth substitutes for no-par / non-NT$10,"share_par in {no_par, not_10}",Net-worth substitutes for no-par / non-NT$10,as applicable,filings,,,,,TAIWAN_ADOPTION,,,,,N/A,2025-11-12,11403851756,2025-11-12,,ACTIVE,,,2026-08-12,IN_V1_SCOPE,VERIFIED_AUTHORITATIVE,3A.2,
tw_order_51755_recognised_ifrs_version_locus,TW,TW_IFRS_S1_S2,FSC,src_tw_order_11403851755,金管證審字第11403851755號令,令第二點,2,Taiwan-recognised version,version_recognition,Taiwan-recognised IFRS = SFB download-area versions,Recognised standards are those announced in the SFB IFRS download area — distinct from the latest IFRS Foundation publication.,general_listed_company|general_otc_company,General-company Taiwan disclosures,"entity_type in {general_listed_company,general_otc_company}",Use Taiwan-recognised version,recognised version id,SFB recognition notice,,,,,TAIWAN_ADOPTION,IFRS_Foundation_latest_not_automatically_applicable,SFB_IFRS_download_area_announced_recognised_version,,2025-11-12,RECOGNISED_VIA_ORDER_11403851755,2025-11-12,11403851755,2025-11-12,,ACTIVE,,,2026-08-12,IN_V1_SCOPE,VERIFIED_AUTHORITATIVE,3A.2,
tw_order_51756_not_covering_securities_or_fcm,TW,TW_IFRS_S1_S2,FSC,src_tw_order_11403851756,金管證審字第11403851756號令,令文適用對象,2,Applicability,coverage_boundary,Order 51756 does not cover securities firms / FCMs,"After full review, securities firms and FCMs are outside this general-company order and use dedicated orders 56095/56096.",securities_firm|futures_commission_merchant,securities_firm or FCM,"entity_type in {securities_firm,futures_commission_merchant}",Use dedicated orders,entity_type,license,,,,,TAIWAN_ADOPTION,,,,,N/A,2025-11-12,11403851756,2025-11-12,,ACTIVE,,,2026-08-12,IN_V1_SCOPE,NOT_COVERED_BY_CURRENT_ORDER,3A.2,Legal silence relative to this order — not research failure.
tw_ifrs_phase1_capital_10bn_news_legacy,TW,TW_IFRS_S1_S2,FSC,src_tw_sfb_press_20251028,SFB press 2025-10-28,press (historical),,Applicability,legacy_explanatory,LEGACY news Phase I,Historical news-based record retained for audit.,general_listed_company|general_otc_company,n/a,deprecated=true,Use formal order,,,,,,,TAIWAN_ADOPTION,,,,,N/A,2025-10-28,press,,2025-11-12,SUPERSEDED,,tw_order_51756_phase1_ge_10bn,2026-08-12,IN_V1_SCOPE,SUPERSEDED,3A.2,
tw_scope3_transition_first_three_years_news_legacy,TW,TW_IFRS_S1_S2,FSC,src_tw_sfb_press_20251028,SFB press 2025-10-28,press (historical),,Applicability,legacy_explanatory,LEGACY news Scope3,Historical news-based record retained for audit.,general_listed_company|general_otc_company,n/a,deprecated=true,Use formal order,,,,,,,TAIWAN_ADOPTION,,,,,N/A,2025-10-28,press,,2025-11-12,SUPERSEDED,,tw_order_51756_scope3_from_fourth_year,2026-08-12,IN_V1_SCOPE,SUPERSEDED,3A.2,
tw_securities_firm_uses_general_ar_if_public_company,TW,TW_IFRS_S1_S2,FSC,src_tw_annual_report_rules_fl007032,公開發行公司年報應行記載事項準則,第2條（3A.1 incorrect mapping）,Art.2,Applicability,entity_family_boundary,SUPERSEDED incorrect securities mapping to FL007032,Stage 3A.1 incorrectly mapped securities firms to FL007032. Correct family is FL007040 Art.32-1 + Order 11403856095.,securities_firm,n/a — superseded,deprecated=true,Use securities_firm family,entity_type,,,,,,TAIWAN_ADOPTION,,,,,N/A,2025-11-07,3A.1_incorrect,,2025-12-26,SUPERSEDED,,tw_sf_art32_1_family,2026-08-12,IN_V1_SCOPE,SUPERSEDED,3A.2,PREVIOUS STATUS: VERIFIED_AUTHORITATIVE (incorrect family). NEW STATUS: SUPERSEDED. SOURCE THAT RESOLVED IT: FL007040 Art.32-1 + 11403856095/56094. DATE VERIFIED: 2026-08-12.
tw_fi_fhc_apply_fy2026,TW,TW_IFRS_S1_S2_FI,FSC,src_tw_order_11402739247_fi,金管銀法字第11402739247號令,令第二點(一),2(1),Applicability,phased_applicability,FHC: FY2026 apply / file from 2027,FHC: FY2026 apply / file from 2027.,financial_holding_company,FHC: FY2026 apply / file from 2027,entity_type==financial_holding_company,FHC: FY2026 apply / file from 2027,entity_type,filings,,,,,TAIWAN_ADOPTION,,,,,N/A,2025-12-16,FI_2025-12,2026-01-01,,FUTURE,,,2026-08-12,IN_V1_SCOPE,VERIFIED_AUTHORITATIVE,3A.2,
tw_fi_bank_listed_or_fhc_sub_fy2026,TW,TW_IFRS_S1_S2_FI,FSC,src_tw_order_11402739247_fi,金管銀法字第11402739247號令,令第二點(二),2(2),Applicability,phased_applicability,Listed/OTC or FHC-sub banks: FY2026,Listed/OTC or FHC-sub banks: FY2026.,bank,Listed/OTC or FHC-sub banks: FY2026,"entity_type==bank AND (listing in {TWSE,TPEx} OR is_fhc_subsidiary=true)",Listed/OTC or FHC-sub banks: FY2026,entity_type,filings,,,,,TAIWAN_ADOPTION,,,,,N/A,2025-12-16,FI_2025-12,2026-01-01,,FUTURE,,,2026-08-12,IN_V1_SCOPE,VERIFIED_AUTHORITATIVE,3A.2,
tw_fi_bank_nonlisted_non_fhc_sub_fy2027,TW,TW_IFRS_S1_S2_FI,FSC,src_tw_order_11402739247_fi,金管銀法字第11402739247號令,令第二點(三),2(3),Applicability,phased_applicability,Non-listed non-FHC-sub banks: FY2027,Non-listed non-FHC-sub banks: FY2027.,bank,Non-listed non-FHC-sub banks: FY2027,"entity_type==bank AND listing not in {TWSE,TPEx} AND is_fhc_subsidiary=false",Non-listed non-FHC-sub banks: FY2027,entity_type,filings,,,,,TAIWAN_ADOPTION,,,,,N/A,2025-12-16,FI_2025-12,2027-01-01,,FUTURE,,,2026-08-12,IN_V1_SCOPE,VERIFIED_AUTHORITATIVE,3A.2,
tw_fi_bills_listed_or_fhc_sub_fy2026,TW,TW_IFRS_S1_S2_FI,FSC,src_tw_order_11402739247_fi,金管銀法字第11402739247號令,令第二點(二),2(2),Applicability,phased_applicability,Listed or FHC-sub bills: FY2026,Listed or FHC-sub bills: FY2026.,bills_finance_company,Listed or FHC-sub bills: FY2026,entity_type==bills_finance_company AND (listing==TWSE OR is_fhc_subsidiary=true),Listed or FHC-sub bills: FY2026,entity_type,filings,,,,,TAIWAN_ADOPTION,,,,,N/A,2025-12-16,FI_2025-12,2026-01-01,,FUTURE,,,2026-08-12,IN_V1_SCOPE,VERIFIED_AUTHORITATIVE,3A.2,
tw_fi_scope3_from_fourth_year,TW,TW_IFRS_S1_S2_FI,FSC,src_tw_order_11402739247_fi,金管銀法字第11402739247號令,令第六點,6,Applicability,phased_applicability,FI Scope 3 from fourth FY,FI Scope 3 from fourth FY.,financial_holding_company|bank|bills_finance_company,FI Scope 3 from fourth FY,"entity_type in {financial_holding_company,bank,bills_finance_company} AND years_since_first_tw_ifrs_application >= 4",FI Scope 3 from fourth FY,entity_type,filings,,,,,TAIWAN_ADOPTION,,,,,N/A,2025-12-16,FI_2025-12,2026-01-01,,FUTURE,,,2026-08-12,IN_V1_SCOPE,VERIFIED_AUTHORITATIVE,3A.2,
tw_fi_scope12_assurance,TW,TW_IFRS_S1_S2_FI,FSC,src_tw_order_11402739247_fi,金管銀法字第11402739247號令,令第四點,4,Applicability,phased_applicability,FI Scope 1/2 assurance + Oct fallback,FI Scope 1/2 assurance + Oct fallback.,financial_holding_company|bank|bills_finance_company,FI Scope 1/2 assurance + Oct fallback,fi_tw_ifrs_applied=true,FI Scope 1/2 assurance + Oct fallback,entity_type,filings,,,,,TAIWAN_ADOPTION,,,,,N/A,2025-12-16,FI_2025-12,2026-01-01,,FUTURE,,,2026-08-12,IN_V1_SCOPE,VERIFIED_AUTHORITATIVE,3A.2,
tw_fi_bank_regulation_family,TW,TW_IFRS_S1_S2_FI,FSC,src_tw_bank_annual_report_fl006611,銀行年報應行記載事項準則,第7條第2項／第10條之1,Art.7(2)/10-1,Applicability,phased_applicability,Banks use bank AR family,Banks use bank AR family.,bank,Banks use bank AR family,entity_type==bank,Banks use bank AR family,entity_type,filings,,,,,TAIWAN_ADOPTION,,,,,N/A,2025-12-16,FI_2025-12,2025-12-16,,ACTIVE,,,2026-08-12,IN_V1_SCOPE,VERIFIED_AUTHORITATIVE,3A.2,
tw_fi_fhc_regulation_family,TW,TW_IFRS_S1_S2_FI,FSC,src_tw_fhc_annual_report_fl006626,金融控股公司年報應行記載事項準則,第7條第2項／第10條之1,Art.7(2)/10-1,Applicability,phased_applicability,FHCs use FHC AR family,FHCs use FHC AR family.,financial_holding_company,FHCs use FHC AR family,entity_type==financial_holding_company,FHCs use FHC AR family,entity_type,filings,,,,,TAIWAN_ADOPTION,,,,,N/A,2025-12-16,FI_2025-12,2025-12-16,,ACTIVE,,,2026-08-12,IN_V1_SCOPE,VERIFIED_AUTHORITATIVE,3A.2,
tw_fi_bills_regulation_family,TW,TW_IFRS_S1_S2_FI,FSC,src_tw_bills_annual_report_fl006628,票券金融公司年報應行記載事項準則,第7條第2項／第10條之1,Art.7(2)/10-1,Applicability,phased_applicability,Bills use bills AR family,Bills use bills AR family.,bills_finance_company,Bills use bills AR family,entity_type==bills_finance_company,Bills use bills AR family,entity_type,filings,,,,,TAIWAN_ADOPTION,,,,,N/A,2025-12-16,FI_2025-12,2025-12-16,,ACTIVE,,,2026-08-12,IN_V1_SCOPE,VERIFIED_AUTHORITATIVE,3A.2,
tw_sf_art32_1_family,TW,TW_IFRS_S1_S2_SF,FSC,src_tw_securities_fin_report_fl007040,證券商財務報告編製準則,第32條之1,Art.32-1,Financial report sustainability disclosures,rule_family,Securities firms use Art.32-1 family,Securities firms meeting Art.11(3) conditions prepare sustainability-related financial information under Art.32-1 — not under FL007032.,securities_firm,Securities firm under FL007040,entity_type==securities_firm,Apply FL007040 + Orders 56095/56094,securities license; capital,financial report disclosures,,,,,TAIWAN_ADOPTION,,,,,N/A,2025-12-24,FL007040_2025-12-24,2025-12-24,,ACTIVE,tw_securities_firm_uses_general_ar_if_public_company,,2026-08-12,IN_V1_SCOPE,VERIFIED_AUTHORITATIVE,3A.2,PREVIOUS STATUS: mapped to general AR family. NEW STATUS: VERIFIED_AUTHORITATIVE dedicated family. SOURCE THAT RESOLVED IT: FL007040 Art.32-1. DATE VERIFIED: 2026-08-12.
tw_sf_order_56095_phase1_ge_10bn,TW,TW_IFRS_S1_S2_SF,FSC,src_tw_order_11403856095_securities,金管證券字第11403856095號令,令第二(一)點,二(一),Applicability,phased_applicability,SF Phase I >= NT$10bn: FY2026 / file 2027,SF Phase I >= NT$10bn: FY2026 / file 2027.,securities_firm,Listed/OTC SF or listed-parent integrated SF sub,entity_type==securities_firm AND paid_in_capital_twd >= 10000000000 AND (is_listed_otc_securities_firm OR is_listed_parent_integrated_sf_sub),Apply/file per schedule with financial reports,paid-in capital from FS under Admin Rules Art.21,financial report,,,,,TAIWAN_ADOPTION,,,,,N/A,2025-12-26,11403856095,2026-01-01,,FUTURE,,,2026-08-12,IN_V1_SCOPE,VERIFIED_AUTHORITATIVE,3A.2,
tw_sf_order_56095_phase2_5_to_10bn,TW,TW_IFRS_S1_S2_SF,FSC,src_tw_order_11403856095_securities,金管證券字第11403856095號令,令第二(二)點,二(二),Applicability,phased_applicability,SF Phase II >= NT$5bn < NT$10bn: FY2027 / file 2028,SF Phase II >= NT$5bn < NT$10bn: FY2027 / file 2028.,securities_firm,Listed/OTC SF or listed-parent integrated SF sub,entity_type==securities_firm AND 5000000000 <= paid_in_capital_twd < 10000000000 AND (is_listed_otc_securities_firm OR is_listed_parent_integrated_sf_sub),Apply/file per schedule with financial reports,paid-in capital from FS under Admin Rules Art.21,financial report,,,,,TAIWAN_ADOPTION,,,,,N/A,2025-12-26,11403856095,2027-01-01,,FUTURE,,,2026-08-12,IN_V1_SCOPE,VERIFIED_AUTHORITATIVE,3A.2,
tw_sf_order_56095_phase3_lt_5bn,TW,TW_IFRS_S1_S2_SF,FSC,src_tw_order_11403856095_securities,金管證券字第11403856095號令,令第二(三)點,二(三),Applicability,phased_applicability,SF Phase III < NT$5bn: FY2028 / file 2029,SF Phase III < NT$5bn: FY2028 / file 2029.,securities_firm,Listed/OTC SF or listed-parent integrated SF sub,entity_type==securities_firm AND paid_in_capital_twd < 5000000000 AND (is_listed_otc_securities_firm OR is_listed_parent_integrated_sf_sub),Apply/file per schedule with financial reports,paid-in capital from FS under Admin Rules Art.21,financial report,,,,,TAIWAN_ADOPTION,,,,,N/A,2025-12-26,11403856095,2028-01-01,,FUTURE,,,2026-08-12,IN_V1_SCOPE,VERIFIED_AUTHORITATIVE,3A.2,
tw_sf_order_56095_early_adoption,TW,TW_IFRS_S1_S2_SF,FSC,src_tw_order_11403856095_securities,金管證券字第11403856095號令,令第3點,3,Applicability,early_adoption,SF early adoption permitted,SF early adoption permitted.,securities_firm,SF early adoption permitted,entity_type==securities_firm AND early_adopt=true,SF early adoption permitted,as applicable,filings,,,,,TAIWAN_ADOPTION,,,,,N/A,2025-12-26,11403856095,2025-12-26,,ACTIVE,,,2026-08-12,IN_V1_SCOPE,VERIFIED_AUTHORITATIVE,3A.2,
tw_sf_order_56095_scope12_assurance,TW,TW_IFRS_S1_S2_SF,FSC,src_tw_order_11403856095_securities,金管證券字第11403856095號令,令第4點,4,Assurance / GHG,assurance,SF consolidated Scope 1/2 assurance + Oct MOPS fallback,SF consolidated Scope 1/2 assurance + Oct MOPS fallback.,securities_firm,SF consolidated Scope 1/2 assurance + Oct MOPS fallback,sf_tw_ifrs_applied=true,SF consolidated Scope 1/2 assurance + Oct MOPS fallback,as applicable,filings,,same_year_october_31_mops,independent_third_party_assurance_scope1_scope2_consolidated,,TAIWAN_ADOPTION,,,,,N/A,2025-12-26,11403856095,2026-01-01,,FUTURE,,,2026-08-12,IN_V1_SCOPE,VERIFIED_AUTHORITATIVE,3A.2,
tw_sf_order_56095_scope3_from_fourth_year,TW,TW_IFRS_S1_S2_SF,FSC,src_tw_order_11403856095_securities,金管證券字第11403856095號令,令第6點,6,GHG transition,transition_relief,SF Scope 3 from fourth FY after first application,SF Scope 3 from fourth FY after first application.,securities_firm,SF Scope 3 from fourth FY after first application,entity_type==securities_firm AND years_since_first_tw_ifrs_application >= 4,SF Scope 3 from fourth FY after first application,as applicable,filings,,,,scope3_starts_fourth_financial_year_after_first_application,TAIWAN_ADOPTION,,,,,N/A,2025-12-26,11403856095,2026-01-01,,FUTURE,,,2026-08-12,IN_V1_SCOPE,VERIFIED_AUTHORITATIVE,3A.2,
tw_sf_order_56095_capital_basis,TW,TW_IFRS_S1_S2_SF,FSC,src_tw_order_11403856095_securities,金管證券字第11403856095號令,令第7點,7,Applicability,threshold_basis,SF capital measured from latest FS under Admin Rules Art.21,SF capital measured from latest FS under Admin Rules Art.21.,securities_firm,SF capital measured from latest FS under Admin Rules Art.21,entity_type==securities_firm,SF capital measured from latest FS under Admin Rules Art.21,as applicable,filings,,,,,TAIWAN_ADOPTION,,,,,N/A,2025-12-26,11403856095,2025-12-26,,ACTIVE,,,2026-08-12,IN_V1_SCOPE,VERIFIED_AUTHORITATIVE,3A.2,
tw_sf_order_56094_recognised_version,TW,TW_IFRS_S1_S2_SF,FSC,src_tw_order_11403856094_recognised,金管證券字第11403856094號令,令第二點,2,Taiwan-recognised version,version_recognition,SF/FCM recognised IFRS version = SFB download area,Recognised IFRS Sustainability Disclosure Standards are those announced in the SFB IFRS download area.,securities_firm|futures_commission_merchant,SF or FCM disclosures,"entity_type in {securities_firm,futures_commission_merchant}",Use SFB-announced recognised version,recognised version id,SFB notice,,,,,TAIWAN_ADOPTION,IFRS_Foundation_latest_not_automatically_applicable,SFB_IFRS_download_area_announced_recognised_version,,2025-12-26,RECOGNISED_VIA_ORDER_11403856094,2025-12-26,11403856094,2025-12-26,,ACTIVE,,,2026-08-12,IN_V1_SCOPE,VERIFIED_AUTHORITATIVE,3A.2,
tw_sf_nonlisted_not_in_56095,TW,TW_IFRS_S1_S2_SF,FSC,src_tw_order_11403856095_securities,金管證券字第11403856095號令,令第二點適用對象,2,Applicability,coverage_boundary,Non-listed securities firms not in Order 56095,Order 56095 covers listed/OTC securities firms and listed companies' integrated securities-firm subsidiaries only.,securities_firm,SF outside covered population,entity_type==securities_firm AND not (is_listed_otc_securities_firm OR is_listed_parent_integrated_sf_sub),Do not apply 56095 schedule,listing/subsidiary status,registration,,,,,TAIWAN_ADOPTION,,,,,N/A,2025-12-26,11403856095,2025-12-26,,ACTIVE,,,2026-08-12,IN_V1_SCOPE,NOT_COVERED_BY_CURRENT_ORDER,3A.2,
tw_fcm_art34_1_family,TW,TW_IFRS_S1_S2_FCM,FSC,src_tw_fcm_fin_report_fl021990,期貨商財務報告編製準則,第34條之1,Art.34-1,Financial report sustainability disclosures,rule_family,Futures commission merchants use Art.34-1 family,FCMs meeting Art.12(3) conditions prepare sustainability-related financial information under Art.34-1.,futures_commission_merchant,FCM under FL021990,entity_type==futures_commission_merchant,Apply FL021990 + Orders 56096/56094,FCM license; capital,financial report disclosures,,,,,TAIWAN_ADOPTION,,,,,N/A,2025-12-24,FL021990_2025-12-24,2025-12-24,,ACTIVE,,,2026-08-12,OUT_OF_V1_SCOPE,VERIFIED_AUTHORITATIVE,3A.2,Regulatory family registered; V1 product support OUT_OF_V1_SCOPE.
tw_fcm_order_56096_phase1_ge_10bn,TW,TW_IFRS_S1_S2_FCM,FSC,src_tw_order_11403856096_fcm,金管證券字第11403856096號令,令第二(一)點,二(一),Applicability,phased_applicability,FCM Phase I >= NT$10bn: FY2026 / file 2027,FCM Phase I >= NT$10bn: FY2026 / file 2027.,futures_commission_merchant,Listed/OTC FCM or listed-parent dedicated FCM sub,entity_type==futures_commission_merchant AND paid_in_capital_twd >= 10000000000 AND (is_listed_otc_fcm OR is_listed_parent_dedicated_fcm_sub),Apply/file per schedule,paid-in capital from FS under Admin Rules Art.24,financial report,,,,,TAIWAN_ADOPTION,,,,,N/A,2025-12-26,11403856096,2026-01-01,,FUTURE,,,2026-08-12,OUT_OF_V1_SCOPE,VERIFIED_AUTHORITATIVE,3A.2,
tw_fcm_order_56096_phase2_5_to_10bn,TW,TW_IFRS_S1_S2_FCM,FSC,src_tw_order_11403856096_fcm,金管證券字第11403856096號令,令第二(二)點,二(二),Applicability,phased_applicability,FCM Phase II >= NT$5bn < NT$10bn: FY2027 / file 2028,FCM Phase II >= NT$5bn < NT$10bn: FY2027 / file 2028.,futures_commission_merchant,Listed/OTC FCM or listed-parent dedicated FCM sub,entity_type==futures_commission_merchant AND 5000000000 <= paid_in_capital_twd < 10000000000 AND (is_listed_otc_fcm OR is_listed_parent_dedicated_fcm_sub),Apply/file per schedule,paid-in capital from FS under Admin Rules Art.24,financial report,,,,,TAIWAN_ADOPTION,,,,,N/A,2025-12-26,11403856096,2027-01-01,,FUTURE,,,2026-08-12,OUT_OF_V1_SCOPE,VERIFIED_AUTHORITATIVE,3A.2,
tw_fcm_order_56096_phase3_lt_5bn,TW,TW_IFRS_S1_S2_FCM,FSC,src_tw_order_11403856096_fcm,金管證券字第11403856096號令,令第二(三)點,二(三),Applicability,phased_applicability,FCM Phase III < NT$5bn: FY2028 / file 2029,FCM Phase III < NT$5bn: FY2028 / file 2029.,futures_commission_merchant,Listed/OTC FCM or listed-parent dedicated FCM sub,entity_type==futures_commission_merchant AND paid_in_capital_twd < 5000000000 AND (is_listed_otc_fcm OR is_listed_parent_dedicated_fcm_sub),Apply/file per schedule,paid-in capital from FS under Admin Rules Art.24,financial report,,,,,TAIWAN_ADOPTION,,,,,N/A,2025-12-26,11403856096,2028-01-01,,FUTURE,,,2026-08-12,OUT_OF_V1_SCOPE,VERIFIED_AUTHORITATIVE,3A.2,
tw_fcm_order_56096_scope12_assurance,TW,TW_IFRS_S1_S2_FCM,FSC,src_tw_order_11403856096_fcm,金管證券字第11403856096號令,令第4點,4,Assurance / GHG,assurance,FCM consolidated Scope 1/2 assurance + Oct MOPS fallback,FCM consolidated Scope 1/2 assurance + Oct MOPS fallback.,futures_commission_merchant,FCM consolidated Scope 1/2 assurance + Oct MOPS fallback,fcm_tw_ifrs_applied=true,FCM consolidated Scope 1/2 assurance + Oct MOPS fallback,as applicable,filings,,same_year_october_31_mops,independent_third_party_assurance_scope1_scope2_consolidated,,TAIWAN_ADOPTION,,,,,N/A,2025-12-26,11403856096,2026-01-01,,FUTURE,,,2026-08-12,OUT_OF_V1_SCOPE,VERIFIED_AUTHORITATIVE,3A.2,
tw_fcm_order_56096_scope3_from_fourth_year,TW,TW_IFRS_S1_S2_FCM,FSC,src_tw_order_11403856096_fcm,金管證券字第11403856096號令,令第6點,6,GHG transition,transition_relief,FCM Scope 3 from fourth FY after first application,FCM Scope 3 from fourth FY after first application.,futures_commission_merchant,FCM Scope 3 from fourth FY after first application,entity_type==futures_commission_merchant AND years_since_first_tw_ifrs_application >= 4,FCM Scope 3 from fourth FY after first application,as applicable,filings,,,,scope3_starts_fourth_financial_year_after_first_application,TAIWAN_ADOPTION,,,,,N/A,2025-12-26,11403856096,2026-01-01,,FUTURE,,,2026-08-12,OUT_OF_V1_SCOPE,VERIFIED_AUTHORITATIVE,3A.2,
tw_fcm_order_56096_capital_basis,TW,TW_IFRS_S1_S2_FCM,FSC,src_tw_order_11403856096_fcm,金管證券字第11403856096號令,令第7點,7,Applicability,threshold_basis,FCM capital from latest FS under Admin Rules Art.24,FCM capital from latest FS under Admin Rules Art.24.,futures_commission_merchant,FCM capital from latest FS under Admin Rules Art.24,entity_type==futures_commission_merchant,FCM capital from latest FS under Admin Rules Art.24,as applicable,filings,,,,,TAIWAN_ADOPTION,,,,,N/A,2025-12-26,11403856096,2025-12-26,,ACTIVE,,,2026-08-12,OUT_OF_V1_SCOPE,VERIFIED_AUTHORITATIVE,3A.2,
tw_fcm_other_articles_fy2028_package_note,TW,TW_IFRS_S1_S2_FCM,FSC,src_tw_fcm_fin_report_fl021990,期貨商財務報告編製準則,2026-04-27 修正（非永續專章；自117會計年度施行）,,Versioning,version_note,Later FCM amendments may have FY2028 effective dates distinct from Art.34-1,Document-level amendment date is not identical to every provision's effective date. Art.34-1 package (2025-12) is tracked separately from later 2026-04-27 amendments effective FY2028.,futures_commission_merchant,Version-awareness for FCM rules,entity_type==futures_commission_merchant,Apply provision-level effective dates,source_version; rule_effective_from,gazette/order,,,,,TAIWAN_ADOPTION,,,,,N/A,2026-04-27,FL021990_2026-04-27_other_articles,2028-01-01,,FUTURE,,,2026-08-12,OUT_OF_V1_SCOPE,PARTIAL,3A.2,
tw_twse_impl_plan_reference_example,TW,TW_IFRS_S1_S2,TWSE,src_tw_twse_impl_plan_example,TWSE implementation materials,implementation plan,,Implementation plan,exchange_filing,Reference implementation plan (required vs recommended),Reference implementation plan (required vs recommended).,general_listed_company|general_otc_company,Implementation planning / reporting,twse_impl_plan_reporting_required=true,Reference implementation plan (required vs recommended),progress schedule,system filing,,,,,IMPLEMENTATION_GUIDANCE,,,,,N/A,2024-07-01,2024-07,2024-07-01,,ACTIVE,,,2026-08-12,IN_V1_SCOPE,VERIFIED_OFFICIAL_GUIDANCE,3A.2,
tw_twse_impl_plan_quarterly_board_and_15day_filing,TW,TW_IFRS_S1_S2,TWSE,src_tw_twse_impl_plan_progress_template,TWSE implementation materials,implementation plan,,Implementation plan,exchange_filing,Quarterly board progress + file within 15 days after quarter-end,Quarterly board progress + file within 15 days after quarter-end.,general_listed_company|general_otc_company,Implementation planning / reporting,twse_impl_plan_reporting_required=true,Quarterly board progress + file within 15 days after quarter-end,progress schedule,system filing,,,,,IMPLEMENTATION_GUIDANCE,,,,,N/A,2024-07-01,2024-07,2024-07-01,,ACTIVE,,,2026-08-12,IN_V1_SCOPE,VERIFIED_AUTHORITATIVE,3A.2,
ifrs_s1_governance,INTL,IFRS_S1,ISSB,src_issb_s1_s2_mapping_education,IFRS S1 (official education mapping anchors),IFRS S1.26–27,26–27,Governance,core_content,Governance (S1.26–27),Official public mapping identifies paragraph range 26–27. Full Standard text not stored.,other,Entities applying IFRS S1,applies_ifrs_s1=true,Verify against licensed IFRS S1 text,topic data,disclosures,,,,,INTERNATIONAL_IFRS,IFRS_S1_2023,only_if_announced_on_SFB_download_area,2024-01-01,,RECOGNITION_VIA_TAIWAN_ORDERS_PORTAL,2023-06-26,IFRS_S1_2023,2024-01-01,,ACTIVE,,,2026-08-12,IN_V1_SCOPE,REQUIRES_MANUAL_IFRS_ACCESS,3A.2,Paragraph anchors from official education/mapping materials; not upgraded to VERIFIED_AUTHORITATIVE solely from mapping.
ifrs_s1_strategy,INTL,IFRS_S1,ISSB,src_issb_s1_s2_mapping_education,IFRS S1 (official education mapping anchors),IFRS S1.28–42,28–42,Strategy,core_content,Strategy (S1.28–42),Official public mapping identifies paragraph range 28–42. Full Standard text not stored.,other,Entities applying IFRS S1,applies_ifrs_s1=true,Verify against licensed IFRS S1 text,topic data,disclosures,,,,,INTERNATIONAL_IFRS,IFRS_S1_2023,only_if_announced_on_SFB_download_area,2024-01-01,,RECOGNITION_VIA_TAIWAN_ORDERS_PORTAL,2023-06-26,IFRS_S1_2023,2024-01-01,,ACTIVE,,,2026-08-12,IN_V1_SCOPE,REQUIRES_MANUAL_IFRS_ACCESS,3A.2,Paragraph anchors from official education/mapping materials; not upgraded to VERIFIED_AUTHORITATIVE solely from mapping.
ifrs_s1_risk_management,INTL,IFRS_S1,ISSB,src_issb_s1_s2_mapping_education,IFRS S1 (official education mapping anchors),IFRS S1.43–44,43–44,Risk Management,core_content,Risk Management (S1.43–44),Official public mapping identifies paragraph range 43–44. Full Standard text not stored.,other,Entities applying IFRS S1,applies_ifrs_s1=true,Verify against licensed IFRS S1 text,topic data,disclosures,,,,,INTERNATIONAL_IFRS,IFRS_S1_2023,only_if_announced_on_SFB_download_area,2024-01-01,,RECOGNITION_VIA_TAIWAN_ORDERS_PORTAL,2023-06-26,IFRS_S1_2023,2024-01-01,,ACTIVE,,,2026-08-12,IN_V1_SCOPE,REQUIRES_MANUAL_IFRS_ACCESS,3A.2,Paragraph anchors from official education/mapping materials; not upgraded to VERIFIED_AUTHORITATIVE solely from mapping.
ifrs_s1_metrics_targets,INTL,IFRS_S1,ISSB,src_issb_s1_s2_mapping_education,IFRS S1 (official education mapping anchors),IFRS S1.45–53,45–53,Metrics & Targets,core_content,Metrics & Targets (S1.45–53),Official public mapping identifies paragraph range 45–53. Full Standard text not stored.,other,Entities applying IFRS S1,applies_ifrs_s1=true,Verify against licensed IFRS S1 text,topic data,disclosures,,,,,INTERNATIONAL_IFRS,IFRS_S1_2023,only_if_announced_on_SFB_download_area,2024-01-01,,RECOGNITION_VIA_TAIWAN_ORDERS_PORTAL,2023-06-26,IFRS_S1_2023,2024-01-01,,ACTIVE,,,2026-08-12,IN_V1_SCOPE,REQUIRES_MANUAL_IFRS_ACCESS,3A.2,Paragraph anchors from official education/mapping materials; not upgraded to VERIFIED_AUTHORITATIVE solely from mapping.
ifrs_s1_objective,INTL,IFRS_S1,ISSB,src_issb_ifrs_s1_2023,IFRS S1,IFRS S1 official page / standard,TBD,Objective,standard_requirement,Objective,IFRS S1 topic 'Objective' registered for coverage.,other,Entities applying IFRS S1,applies_ifrs_s1=true,Manual verification if access-limited,TBD,TBD,,,,,INTERNATIONAL_IFRS,IFRS_S1_2023,only_if_announced_on_SFB_download_area,2024-01-01,,RECOGNITION_VIA_TAIWAN_ORDERS_PORTAL,2023-06-26,IFRS_S1_2023,2024-01-01,,ACTIVE,,,2026-08-12,IN_V1_SCOPE,PARTIAL,3A.2,
ifrs_s1_scope,INTL,IFRS_S1,ISSB,src_issb_ifrs_s1_2023,IFRS S1,IFRS S1 official page / standard,TBD,Scope,standard_requirement,Scope,IFRS S1 topic 'Scope' registered for coverage.,other,Entities applying IFRS S1,applies_ifrs_s1=true,Manual verification if access-limited,TBD,TBD,,,,,INTERNATIONAL_IFRS,IFRS_S1_2023,only_if_announced_on_SFB_download_area,2024-01-01,,RECOGNITION_VIA_TAIWAN_ORDERS_PORTAL,2023-06-26,IFRS_S1_2023,2024-01-01,,ACTIVE,,,2026-08-12,IN_V1_SCOPE,PARTIAL,3A.2,
ifrs_s1_conceptual_foundations,INTL,IFRS_S1,ISSB,src_issb_ifrs_s1_2023,IFRS S1,IFRS S1 official page / standard,TBD,Conceptual foundations,standard_requirement,Conceptual foundations,IFRS S1 topic 'Conceptual foundations' registered for coverage.,other,Entities applying IFRS S1,applies_ifrs_s1=true,Manual verification if access-limited,TBD,TBD,,,,,INTERNATIONAL_IFRS,IFRS_S1_2023,only_if_announced_on_SFB_download_area,2024-01-01,,RECOGNITION_VIA_TAIWAN_ORDERS_PORTAL,2023-06-26,IFRS_S1_2023,2024-01-01,,UNVERIFIED,,,2026-08-12,IN_V1_SCOPE,REQUIRES_MANUAL_IFRS_ACCESS,3A.2,
ifrs_s1_reporting_entity,INTL,IFRS_S1,ISSB,src_issb_ifrs_s1_2023,IFRS S1,IFRS S1 official page / standard,TBD,Reporting entity,standard_requirement,Reporting entity,IFRS S1 topic 'Reporting entity' registered for coverage.,other,Entities applying IFRS S1,applies_ifrs_s1=true,Manual verification if access-limited,TBD,TBD,,,,,INTERNATIONAL_IFRS,IFRS_S1_2023,only_if_announced_on_SFB_download_area,2024-01-01,,RECOGNITION_VIA_TAIWAN_ORDERS_PORTAL,2023-06-26,IFRS_S1_2023,2024-01-01,,UNVERIFIED,,,2026-08-12,IN_V1_SCOPE,REQUIRES_MANUAL_IFRS_ACCESS,3A.2,
ifrs_s1_materiality,INTL,IFRS_S1,ISSB,src_issb_ifrs_s1_2023,IFRS S1,IFRS S1 official page / standard,TBD,Materiality,standard_requirement,Materiality,IFRS S1 topic 'Materiality' registered for coverage.,other,Entities applying IFRS S1,applies_ifrs_s1=true,Manual verification if access-limited,TBD,TBD,,,,,INTERNATIONAL_IFRS,IFRS_S1_2023,only_if_announced_on_SFB_download_area,2024-01-01,,RECOGNITION_VIA_TAIWAN_ORDERS_PORTAL,2023-06-26,IFRS_S1_2023,2024-01-01,,UNVERIFIED,,,2026-08-12,IN_V1_SCOPE,REQUIRES_MANUAL_IFRS_ACCESS,3A.2,
ifrs_s1_fair_presentation,INTL,IFRS_S1,ISSB,src_issb_ifrs_s1_2023,IFRS S1,IFRS S1 official page / standard,TBD,Fair presentation,standard_requirement,Fair presentation,IFRS S1 topic 'Fair presentation' registered for coverage.,other,Entities applying IFRS S1,applies_ifrs_s1=true,Manual verification if access-limited,TBD,TBD,,,,,INTERNATIONAL_IFRS,IFRS_S1_2023,only_if_announced_on_SFB_download_area,2024-01-01,,RECOGNITION_VIA_TAIWAN_ORDERS_PORTAL,2023-06-26,IFRS_S1_2023,2024-01-01,,UNVERIFIED,,,2026-08-12,IN_V1_SCOPE,REQUIRES_MANUAL_IFRS_ACCESS,3A.2,
ifrs_s1_connected_information,INTL,IFRS_S1,ISSB,src_issb_ifrs_s1_2023,IFRS S1,IFRS S1 official page / standard,TBD,Connected information,standard_requirement,Connected information,IFRS S1 topic 'Connected information' registered for coverage.,other,Entities applying IFRS S1,applies_ifrs_s1=true,Manual verification if access-limited,TBD,TBD,,,,,INTERNATIONAL_IFRS,IFRS_S1_2023,only_if_announced_on_SFB_download_area,2024-01-01,,RECOGNITION_VIA_TAIWAN_ORDERS_PORTAL,2023-06-26,IFRS_S1_2023,2024-01-01,,UNVERIFIED,,,2026-08-12,IN_V1_SCOPE,REQUIRES_MANUAL_IFRS_ACCESS,3A.2,
ifrs_s1_timing,INTL,IFRS_S1,ISSB,src_issb_ifrs_s1_2023,IFRS S1,IFRS S1 official page / standard,TBD,Reporting timing,standard_requirement,Reporting timing / location,IFRS S1 topic 'Reporting timing / location' registered for coverage.,other,Entities applying IFRS S1,applies_ifrs_s1=true,Manual verification if access-limited,TBD,TBD,,,,,INTERNATIONAL_IFRS,IFRS_S1_2023,only_if_announced_on_SFB_download_area,2024-01-01,,RECOGNITION_VIA_TAIWAN_ORDERS_PORTAL,2023-06-26,IFRS_S1_2023,2024-01-01,,UNVERIFIED,,,2026-08-12,IN_V1_SCOPE,REQUIRES_MANUAL_IFRS_ACCESS,3A.2,
ifrs_s1_comparative,INTL,IFRS_S1,ISSB,src_issb_ifrs_s1_2023,IFRS S1,IFRS S1 official page / standard,TBD,Comparative information,standard_requirement,Comparative information,IFRS S1 topic 'Comparative information' registered for coverage.,other,Entities applying IFRS S1,applies_ifrs_s1=true,Manual verification if access-limited,TBD,TBD,,,,,INTERNATIONAL_IFRS,IFRS_S1_2023,only_if_announced_on_SFB_download_area,2024-01-01,,RECOGNITION_VIA_TAIWAN_ORDERS_PORTAL,2023-06-26,IFRS_S1_2023,2024-01-01,,UNVERIFIED,,,2026-08-12,IN_V1_SCOPE,REQUIRES_MANUAL_IFRS_ACCESS,3A.2,
ifrs_s1_compliance_statement,INTL,IFRS_S1,ISSB,src_issb_ifrs_s1_2023,IFRS S1,IFRS S1 official page / standard,TBD,Statement of compliance,standard_requirement,Statement of compliance,IFRS S1 topic 'Statement of compliance' registered for coverage.,other,Entities applying IFRS S1,applies_ifrs_s1=true,Manual verification if access-limited,TBD,TBD,,,,,INTERNATIONAL_IFRS,IFRS_S1_2023,only_if_announced_on_SFB_download_area,2024-01-01,,RECOGNITION_VIA_TAIWAN_ORDERS_PORTAL,2023-06-26,IFRS_S1_2023,2024-01-01,,UNVERIFIED,,,2026-08-12,IN_V1_SCOPE,REQUIRES_MANUAL_IFRS_ACCESS,3A.2,
ifrs_s1_judgements,INTL,IFRS_S1,ISSB,src_issb_ifrs_s1_2023,IFRS S1,IFRS S1 official page / standard,TBD,Judgements,standard_requirement,Judgements,IFRS S1 topic 'Judgements' registered for coverage.,other,Entities applying IFRS S1,applies_ifrs_s1=true,Manual verification if access-limited,TBD,TBD,,,,,INTERNATIONAL_IFRS,IFRS_S1_2023,only_if_announced_on_SFB_download_area,2024-01-01,,RECOGNITION_VIA_TAIWAN_ORDERS_PORTAL,2023-06-26,IFRS_S1_2023,2024-01-01,,UNVERIFIED,,,2026-08-12,IN_V1_SCOPE,REQUIRES_MANUAL_IFRS_ACCESS,3A.2,
ifrs_s1_measurement_uncertainty,INTL,IFRS_S1,ISSB,src_issb_ifrs_s1_2023,IFRS S1,IFRS S1 official page / standard,TBD,Measurement uncertainty,standard_requirement,Measurement uncertainty,IFRS S1 topic 'Measurement uncertainty' registered for coverage.,other,Entities applying IFRS S1,applies_ifrs_s1=true,Manual verification if access-limited,TBD,TBD,,,,,INTERNATIONAL_IFRS,IFRS_S1_2023,only_if_announced_on_SFB_download_area,2024-01-01,,RECOGNITION_VIA_TAIWAN_ORDERS_PORTAL,2023-06-26,IFRS_S1_2023,2024-01-01,,UNVERIFIED,,,2026-08-12,IN_V1_SCOPE,REQUIRES_MANUAL_IFRS_ACCESS,3A.2,
ifrs_s1_errors,INTL,IFRS_S1,ISSB,src_issb_ifrs_s1_2023,IFRS S1,IFRS S1 official page / standard,TBD,Errors,standard_requirement,Errors,IFRS S1 topic 'Errors' registered for coverage.,other,Entities applying IFRS S1,applies_ifrs_s1=true,Manual verification if access-limited,TBD,TBD,,,,,INTERNATIONAL_IFRS,IFRS_S1_2023,only_if_announced_on_SFB_download_area,2024-01-01,,RECOGNITION_VIA_TAIWAN_ORDERS_PORTAL,2023-06-26,IFRS_S1_2023,2024-01-01,,UNVERIFIED,,,2026-08-12,IN_V1_SCOPE,REQUIRES_MANUAL_IFRS_ACCESS,3A.2,
ifrs_s1_commercial_sensitivity,INTL,IFRS_S1,ISSB,src_issb_ifrs_s1_2023,IFRS S1,IFRS S1 official page / standard,TBD,Commercially sensitive information,standard_requirement,Commercially sensitive information,IFRS S1 topic 'Commercially sensitive information' registered for coverage.,other,Entities applying IFRS S1,applies_ifrs_s1=true,Manual verification if access-limited,TBD,TBD,,,,,INTERNATIONAL_IFRS,IFRS_S1_2023,only_if_announced_on_SFB_download_area,2024-01-01,,RECOGNITION_VIA_TAIWAN_ORDERS_PORTAL,2023-06-26,IFRS_S1_2023,2024-01-01,,UNVERIFIED,,,2026-08-12,IN_V1_SCOPE,REQUIRES_MANUAL_IFRS_ACCESS,3A.2,
ifrs_s1_transition,INTL,IFRS_S1,ISSB,src_issb_ifrs_s1_2023,IFRS S1,IFRS S1 official page / standard,TBD,Transition,standard_requirement,Transition provisions,IFRS S1 topic 'Transition provisions' registered for coverage.,other,Entities applying IFRS S1,applies_ifrs_s1=true,Manual verification if access-limited,TBD,TBD,,,,,INTERNATIONAL_IFRS,IFRS_S1_2023,only_if_announced_on_SFB_download_area,2024-01-01,,RECOGNITION_VIA_TAIWAN_ORDERS_PORTAL,2023-06-26,IFRS_S1_2023,2024-01-01,,UNVERIFIED,,,2026-08-12,IN_V1_SCOPE,REQUIRES_MANUAL_IFRS_ACCESS,3A.2,
ifrs_s2_governance,INTL,IFRS_S2,ISSB,src_issb_s1_s2_mapping_education,IFRS S2 (official education mapping anchors),IFRS S2.5–6,5–6,Governance,core_content,Governance (S2.5–6),Official public mapping identifies IFRS S2 anchors around 5–6. Full Standard text not stored.,other,Entities applying IFRS S2,applies_ifrs_s2=true,Verify against licensed IFRS S2 text,climate information,climate disclosures,,,,,INTERNATIONAL_IFRS,IFRS_S2_2023,only_if_announced_on_SFB_download_area,2024-01-01,,RECOGNITION_VIA_TAIWAN_ORDERS_PORTAL,2023-06-26,IFRS_S2_2023,2024-01-01,,ACTIVE,,,2026-08-12,IN_V1_SCOPE,REQUIRES_MANUAL_IFRS_ACCESS,3A.2,
ifrs_s2_strategy,INTL,IFRS_S2,ISSB,src_issb_s1_s2_mapping_education,IFRS S2 (official education mapping anchors),IFRS S2.8–9+,8–9+,Strategy,core_content,Strategy (S2.8–9+),Official public mapping identifies IFRS S2 anchors around 8–9+. Full Standard text not stored.,other,Entities applying IFRS S2,applies_ifrs_s2=true,Verify against licensed IFRS S2 text,climate information,climate disclosures,,,,,INTERNATIONAL_IFRS,IFRS_S2_2023,only_if_announced_on_SFB_download_area,2024-01-01,,RECOGNITION_VIA_TAIWAN_ORDERS_PORTAL,2023-06-26,IFRS_S2_2023,2024-01-01,,ACTIVE,,,2026-08-12,IN_V1_SCOPE,REQUIRES_MANUAL_IFRS_ACCESS,3A.2,
ifrs_s2_risk_management,INTL,IFRS_S2,ISSB,src_issb_s1_s2_mapping_education,IFRS S2 (official education mapping anchors),IFRS S2.24–25,24–25,Risk Management,core_content,Risk Management (S2.24–25),Official public mapping identifies IFRS S2 anchors around 24–25. Full Standard text not stored.,other,Entities applying IFRS S2,applies_ifrs_s2=true,Verify against licensed IFRS S2 text,climate information,climate disclosures,,,,,INTERNATIONAL_IFRS,IFRS_S2_2023,only_if_announced_on_SFB_download_area,2024-01-01,,RECOGNITION_VIA_TAIWAN_ORDERS_PORTAL,2023-06-26,IFRS_S2_2023,2024-01-01,,ACTIVE,,,2026-08-12,IN_V1_SCOPE,REQUIRES_MANUAL_IFRS_ACCESS,3A.2,
ifrs_s2_metrics_targets,INTL,IFRS_S2,ISSB,src_issb_s1_s2_mapping_education,IFRS S2 (official education mapping anchors),IFRS S2.27+,27+,Metrics & Targets,core_content,Metrics & Targets (S2.27+),Official public mapping identifies IFRS S2 anchors around 27+. Full Standard text not stored.,other,Entities applying IFRS S2,applies_ifrs_s2=true,Verify against licensed IFRS S2 text,climate information,climate disclosures,,,,,INTERNATIONAL_IFRS,IFRS_S2_2023,only_if_announced_on_SFB_download_area,2024-01-01,,RECOGNITION_VIA_TAIWAN_ORDERS_PORTAL,2023-06-26,IFRS_S2_2023,2024-01-01,,ACTIVE,,,2026-08-12,IN_V1_SCOPE,REQUIRES_MANUAL_IFRS_ACCESS,3A.2,
ifrs_s2_objective,INTL,IFRS_S2,ISSB,src_issb_ifrs_s2_2023,IFRS S2,IFRS S2 official page / standard,public_locator,Objective,standard_requirement,Objective / scope,IFRS S2 topic 'Objective / scope' registered for coverage.,other,Entities applying IFRS S2,applies_ifrs_s2=true,Manual verification if access-limited,TBD,TBD,,,,,INTERNATIONAL_IFRS,IFRS_S2_2023,only_if_announced_on_SFB_download_area,2024-01-01,,RECOGNITION_VIA_TAIWAN_ORDERS_PORTAL,2023-06-26,IFRS_S2_2023,2024-01-01,,ACTIVE,,,2026-08-12,IN_V1_SCOPE,PARTIAL,3A.2,
ifrs_s2_physical_risks,INTL,IFRS_S2,ISSB,src_issb_ifrs_s2_2023,IFRS S2,IFRS S2 official page / standard,public_locator,Physical risks,standard_requirement,Climate-related physical risks,IFRS S2 topic 'Climate-related physical risks' registered for coverage.,other,Entities applying IFRS S2,applies_ifrs_s2=true,Manual verification if access-limited,TBD,TBD,,,,,INTERNATIONAL_IFRS,IFRS_S2_2023,only_if_announced_on_SFB_download_area,2024-01-01,,RECOGNITION_VIA_TAIWAN_ORDERS_PORTAL,2023-06-26,IFRS_S2_2023,2024-01-01,,ACTIVE,,,2026-08-12,IN_V1_SCOPE,PARTIAL,3A.2,
ifrs_s2_transition_risks,INTL,IFRS_S2,ISSB,src_issb_ifrs_s2_2023,IFRS S2,IFRS S2 official page / standard,public_locator,Transition risks,standard_requirement,Climate-related transition risks,IFRS S2 topic 'Climate-related transition risks' registered for coverage.,other,Entities applying IFRS S2,applies_ifrs_s2=true,Manual verification if access-limited,TBD,TBD,,,,,INTERNATIONAL_IFRS,IFRS_S2_2023,only_if_announced_on_SFB_download_area,2024-01-01,,RECOGNITION_VIA_TAIWAN_ORDERS_PORTAL,2023-06-26,IFRS_S2_2023,2024-01-01,,ACTIVE,,,2026-08-12,IN_V1_SCOPE,PARTIAL,3A.2,
ifrs_s2_opportunities,INTL,IFRS_S2,ISSB,src_issb_ifrs_s2_2023,IFRS S2,IFRS S2 official page / standard,public_locator,Opportunities,standard_requirement,Climate-related opportunities,IFRS S2 topic 'Climate-related opportunities' registered for coverage.,other,Entities applying IFRS S2,applies_ifrs_s2=true,Manual verification if access-limited,TBD,TBD,,,,,INTERNATIONAL_IFRS,IFRS_S2_2023,only_if_announced_on_SFB_download_area,2024-01-01,,RECOGNITION_VIA_TAIWAN_ORDERS_PORTAL,2023-06-26,IFRS_S2_2023,2024-01-01,,ACTIVE,,,2026-08-12,IN_V1_SCOPE,PARTIAL,3A.2,
ifrs_s2_scope1,INTL,IFRS_S2,ISSB,src_issb_ifrs_s2_2023,IFRS S2,IFRS S2 official page / standard,public_locator,GHG emissions,standard_requirement,Scope 1,IFRS S2 topic 'Scope 1' registered for coverage.,other,Entities applying IFRS S2,applies_ifrs_s2=true,Manual verification if access-limited,TBD,TBD,,,,,INTERNATIONAL_IFRS,IFRS_S2_2023,only_if_announced_on_SFB_download_area,2024-01-01,,RECOGNITION_VIA_TAIWAN_ORDERS_PORTAL,2023-06-26,IFRS_S2_2023,2024-01-01,,ACTIVE,,,2026-08-12,IN_V1_SCOPE,PARTIAL,3A.2,
ifrs_s2_scope2,INTL,IFRS_S2,ISSB,src_issb_ifrs_s2_2023,IFRS S2,IFRS S2 official page / standard,public_locator,GHG emissions,standard_requirement,Scope 2,IFRS S2 topic 'Scope 2' registered for coverage.,other,Entities applying IFRS S2,applies_ifrs_s2=true,Manual verification if access-limited,TBD,TBD,,,,,INTERNATIONAL_IFRS,IFRS_S2_2023,only_if_announced_on_SFB_download_area,2024-01-01,,RECOGNITION_VIA_TAIWAN_ORDERS_PORTAL,2023-06-26,IFRS_S2_2023,2024-01-01,,ACTIVE,,,2026-08-12,IN_V1_SCOPE,PARTIAL,3A.2,
ifrs_s2_scope3,INTL,IFRS_S2,ISSB,src_issb_ifrs_s2_2023,IFRS S2,IFRS S2 official page / standard,public_locator,GHG emissions,standard_requirement,Scope 3,IFRS S2 topic 'Scope 3' registered for coverage.,other,Entities applying IFRS S2,applies_ifrs_s2=true,Manual verification if access-limited,TBD,TBD,,,,,INTERNATIONAL_IFRS,IFRS_S2_2023,only_if_announced_on_SFB_download_area,2024-01-01,,RECOGNITION_VIA_TAIWAN_ORDERS_PORTAL,2023-06-26,IFRS_S2_2023,2024-01-01,,ACTIVE,,,2026-08-12,IN_V1_SCOPE,PARTIAL,3A.2,
ifrs_s2_business_model_value_chain,INTL,IFRS_S2,ISSB,src_issb_ifrs_s2_2023,IFRS S2,IFRS S2 official page / standard,TBD,Strategy,standard_requirement,Business model and value chain,IFRS S2 topic 'Business model and value chain' registered for coverage.,other,Entities applying IFRS S2,applies_ifrs_s2=true,Manual verification if access-limited,TBD,TBD,,,,,INTERNATIONAL_IFRS,IFRS_S2_2023,only_if_announced_on_SFB_download_area,2024-01-01,,RECOGNITION_VIA_TAIWAN_ORDERS_PORTAL,2023-06-26,IFRS_S2_2023,2024-01-01,,UNVERIFIED,,,2026-08-12,IN_V1_SCOPE,REQUIRES_MANUAL_IFRS_ACCESS,3A.2,
ifrs_s2_strategy_decision_making,INTL,IFRS_S2,ISSB,src_issb_ifrs_s2_2023,IFRS S2,IFRS S2 official page / standard,TBD,Strategy,standard_requirement,Strategy and decision-making,IFRS S2 topic 'Strategy and decision-making' registered for coverage.,other,Entities applying IFRS S2,applies_ifrs_s2=true,Manual verification if access-limited,TBD,TBD,,,,,INTERNATIONAL_IFRS,IFRS_S2_2023,only_if_announced_on_SFB_download_area,2024-01-01,,RECOGNITION_VIA_TAIWAN_ORDERS_PORTAL,2023-06-26,IFRS_S2_2023,2024-01-01,,UNVERIFIED,,,2026-08-12,IN_V1_SCOPE,REQUIRES_MANUAL_IFRS_ACCESS,3A.2,
ifrs_s2_transition_plan,INTL,IFRS_S2,ISSB,src_issb_ifrs_s2_2023,IFRS S2,IFRS S2 official page / standard,TBD,Strategy,standard_requirement,Transition plans,IFRS S2 topic 'Transition plans' registered for coverage.,other,Entities applying IFRS S2,applies_ifrs_s2=true,Manual verification if access-limited,TBD,TBD,,,,,INTERNATIONAL_IFRS,IFRS_S2_2023,only_if_announced_on_SFB_download_area,2024-01-01,,RECOGNITION_VIA_TAIWAN_ORDERS_PORTAL,2023-06-26,IFRS_S2_2023,2024-01-01,,UNVERIFIED,,,2026-08-12,IN_V1_SCOPE,REQUIRES_MANUAL_IFRS_ACCESS,3A.2,
ifrs_s2_current_financial_effects,INTL,IFRS_S2,ISSB,src_issb_ifrs_s2_2023,IFRS S2,IFRS S2 official page / standard,TBD,Financial effects,standard_requirement,Current financial effects,IFRS S2 topic 'Current financial effects' registered for coverage.,other,Entities applying IFRS S2,applies_ifrs_s2=true,Manual verification if access-limited,TBD,TBD,,,,,INTERNATIONAL_IFRS,IFRS_S2_2023,only_if_announced_on_SFB_download_area,2024-01-01,,RECOGNITION_VIA_TAIWAN_ORDERS_PORTAL,2023-06-26,IFRS_S2_2023,2024-01-01,,UNVERIFIED,,,2026-08-12,IN_V1_SCOPE,REQUIRES_MANUAL_IFRS_ACCESS,3A.2,
ifrs_s2_anticipated_financial_effects,INTL,IFRS_S2,ISSB,src_issb_ifrs_s2_2023,IFRS S2,IFRS S2 official page / standard,TBD,Financial effects,standard_requirement,Anticipated financial effects,IFRS S2 topic 'Anticipated financial effects' registered for coverage.,other,Entities applying IFRS S2,applies_ifrs_s2=true,Manual verification if access-limited,TBD,TBD,,,,,INTERNATIONAL_IFRS,IFRS_S2_2023,only_if_announced_on_SFB_download_area,2024-01-01,,RECOGNITION_VIA_TAIWAN_ORDERS_PORTAL,2023-06-26,IFRS_S2_2023,2024-01-01,,UNVERIFIED,,,2026-08-12,IN_V1_SCOPE,REQUIRES_MANUAL_IFRS_ACCESS,3A.2,
ifrs_s2_climate_resilience,INTL,IFRS_S2,ISSB,src_issb_ifrs_s2_2023,IFRS S2,IFRS S2 official page / standard,TBD,Climate resilience,standard_requirement,Climate resilience,IFRS S2 topic 'Climate resilience' registered for coverage.,other,Entities applying IFRS S2,applies_ifrs_s2=true,Manual verification if access-limited,TBD,TBD,,,,,INTERNATIONAL_IFRS,IFRS_S2_2023,only_if_announced_on_SFB_download_area,2024-01-01,,RECOGNITION_VIA_TAIWAN_ORDERS_PORTAL,2023-06-26,IFRS_S2_2023,2024-01-01,,UNVERIFIED,,,2026-08-12,IN_V1_SCOPE,REQUIRES_MANUAL_IFRS_ACCESS,3A.2,
ifrs_s2_scenario_analysis,INTL,IFRS_S2,ISSB,src_issb_ifrs_s2_2023,IFRS S2,IFRS S2 official page / standard,TBD,Climate resilience,standard_requirement,Scenario analysis,IFRS S2 topic 'Scenario analysis' registered for coverage.,other,Entities applying IFRS S2,applies_ifrs_s2=true,Manual verification if access-limited,TBD,TBD,,,,,INTERNATIONAL_IFRS,IFRS_S2_2023,only_if_announced_on_SFB_download_area,2024-01-01,,RECOGNITION_VIA_TAIWAN_ORDERS_PORTAL,2023-06-26,IFRS_S2_2023,2024-01-01,,UNVERIFIED,,,2026-08-12,IN_V1_SCOPE,REQUIRES_MANUAL_IFRS_ACCESS,3A.2,
ifrs_s2_cross_industry_metrics,INTL,IFRS_S2,ISSB,src_issb_ifrs_s2_2023,IFRS S2,IFRS S2 official page / standard,TBD,Metrics & Targets,standard_requirement,Cross-industry metrics,IFRS S2 topic 'Cross-industry metrics' registered for coverage.,other,Entities applying IFRS S2,applies_ifrs_s2=true,Manual verification if access-limited,TBD,TBD,,,,,INTERNATIONAL_IFRS,IFRS_S2_2023,only_if_announced_on_SFB_download_area,2024-01-01,,RECOGNITION_VIA_TAIWAN_ORDERS_PORTAL,2023-06-26,IFRS_S2_2023,2024-01-01,,UNVERIFIED,,,2026-08-12,IN_V1_SCOPE,REQUIRES_MANUAL_IFRS_ACCESS,3A.2,
ifrs_s2_industry_metrics,INTL,IFRS_S2,ISSB,src_issb_ifrs_s2_2023,IFRS S2,IFRS S2 official page / standard,TBD,Industry-based metrics,standard_requirement,Industry-based metrics,IFRS S2 topic 'Industry-based metrics' registered for coverage.,other,Entities applying IFRS S2,applies_ifrs_s2=true,Manual verification if access-limited,TBD,TBD,,,,,INTERNATIONAL_IFRS,IFRS_S2_2023,only_if_announced_on_SFB_download_area,2024-01-01,,RECOGNITION_VIA_TAIWAN_ORDERS_PORTAL,2023-06-26,IFRS_S2_2023,2024-01-01,,UNVERIFIED,,,2026-08-12,IN_V1_SCOPE,REQUIRES_MANUAL_IFRS_ACCESS,3A.2,
ifrs_s2_climate_targets,INTL,IFRS_S2,ISSB,src_issb_ifrs_s2_2023,IFRS S2,IFRS S2 official page / standard,TBD,Metrics & Targets,standard_requirement,Climate targets,IFRS S2 topic 'Climate targets' registered for coverage.,other,Entities applying IFRS S2,applies_ifrs_s2=true,Manual verification if access-limited,TBD,TBD,,,,,INTERNATIONAL_IFRS,IFRS_S2_2023,only_if_announced_on_SFB_download_area,2024-01-01,,RECOGNITION_VIA_TAIWAN_ORDERS_PORTAL,2023-06-26,IFRS_S2_2023,2024-01-01,,UNVERIFIED,,,2026-08-12,IN_V1_SCOPE,REQUIRES_MANUAL_IFRS_ACCESS,3A.2,
ifrs_s2_capital_deployment,INTL,IFRS_S2,ISSB,src_issb_ifrs_s2_2023,IFRS S2,IFRS S2 official page / standard,TBD,Metrics & Targets,standard_requirement,Capital deployment,IFRS S2 topic 'Capital deployment' registered for coverage.,other,Entities applying IFRS S2,applies_ifrs_s2=true,Manual verification if access-limited,TBD,TBD,,,,,INTERNATIONAL_IFRS,IFRS_S2_2023,only_if_announced_on_SFB_download_area,2024-01-01,,RECOGNITION_VIA_TAIWAN_ORDERS_PORTAL,2023-06-26,IFRS_S2_2023,2024-01-01,,UNVERIFIED,,,2026-08-12,IN_V1_SCOPE,REQUIRES_MANUAL_IFRS_ACCESS,3A.2,
ifrs_s2_internal_carbon_price,INTL,IFRS_S2,ISSB,src_issb_ifrs_s2_2023,IFRS S2,IFRS S2 official page / standard,TBD,Metrics & Targets,standard_requirement,Internal carbon price,IFRS S2 topic 'Internal carbon price' registered for coverage.,other,Entities applying IFRS S2,applies_ifrs_s2=true,Manual verification if access-limited,TBD,TBD,,,,,INTERNATIONAL_IFRS,IFRS_S2_2023,only_if_announced_on_SFB_download_area,2024-01-01,,RECOGNITION_VIA_TAIWAN_ORDERS_PORTAL,2023-06-26,IFRS_S2_2023,2024-01-01,,UNVERIFIED,,,2026-08-12,IN_V1_SCOPE,REQUIRES_MANUAL_IFRS_ACCESS,3A.2,
ifrs_s2_executive_remuneration,INTL,IFRS_S2,ISSB,src_issb_ifrs_s2_2023,IFRS S2,IFRS S2 official page / standard,TBD,Metrics & Targets,standard_requirement,Executive remuneration,IFRS S2 topic 'Executive remuneration' registered for coverage.,other,Entities applying IFRS S2,applies_ifrs_s2=true,Manual verification if access-limited,TBD,TBD,,,,,INTERNATIONAL_IFRS,IFRS_S2_2023,only_if_announced_on_SFB_download_area,2024-01-01,,RECOGNITION_VIA_TAIWAN_ORDERS_PORTAL,2023-06-26,IFRS_S2_2023,2024-01-01,,UNVERIFIED,,,2026-08-12,IN_V1_SCOPE,REQUIRES_MANUAL_IFRS_ACCESS,3A.2,
ifrs_s2_transition_provisions,INTL,IFRS_S2,ISSB,src_issb_ifrs_s2_2023,IFRS S2,IFRS S2 official page / standard,TBD,Transition,standard_requirement,Transition provisions,IFRS S2 topic 'Transition provisions' registered for coverage.,other,Entities applying IFRS S2,applies_ifrs_s2=true,Manual verification if access-limited,TBD,TBD,,,,,INTERNATIONAL_IFRS,IFRS_S2_2023,only_if_announced_on_SFB_download_area,2024-01-01,,RECOGNITION_VIA_TAIWAN_ORDERS_PORTAL,2023-06-26,IFRS_S2_2023,2024-01-01,,UNVERIFIED,,,2026-08-12,IN_V1_SCOPE,REQUIRES_MANUAL_IFRS_ACCESS,3A.2,
ifrs_s2_ghg_amendments_2025_international,INTL,IFRS_S2,ISSB,src_issb_ifrs_s2_ghg_amendments_2025,Amendments to Greenhouse Gas Emissions Disclosures (Amendments to IFRS S2),ISSB project page — issued Dec 2025,TBD,GHG emissions,amendment,2025 Amendments to GHG emissions disclosures in IFRS S2,International amendment supporting application of specific GHG disclosure requirements in IFRS S2; effective for annual reporting periods beginning on or after 1 January 2027; early application permitted. Consequential SASB alignment amendments also issued.,other,International IFRS S2 applicants from 2027 (or earlier if elected),report_period_start >= 2027-01-01 OR early_apply_s2_ghg_amendments=true,Assess internationally; do not assume Taiwan recognition,current GHG disclosure approach,impact assessment,,,,,INTERNATIONAL_IFRS,IFRS_S2_2025_GHG_Amendments,,2027-01-01,,NOT_YET_VERIFIED,2025-12-01,2025-12,2027-01-01,,FUTURE,,,2026-08-12,IN_V1_SCOPE,PARTIAL,3A.2,International version verified at project-page level. taiwan_status=NOT_YET_VERIFIED — do not auto-activate for Taiwan.
